#;FORM;LEMMA;GRAM;COMMENT;CHECKED;CONTEXT;RIGHT1;RIGHT2;RIGHT3;RIGHT4;RIGHT5;RIGHT6;POS;AUTO_LEMMA;AUTO_GRAM;
# doc = Schastye.2.txt;;;;;;;;;;;;;;;;
# speaker = я;;;;;;;;;;;;;;;;
# sent = 2465;;;;;;;;;;;;;;;;
;¬сЄ;¬—≈;ADV -;;;   _¬сЄ_ , начинаем .;Є;с;в;;;;ADV;¬—≈;ADV -;≈
;,;,;PUNCT;;;;;;;;;;PUNCT;;;
;начинаем;Ќј„»Ќј“№;V ipf praes pl indic - 1p;;; ¬сЄ , _начинаем_ . на п€ть;м;е;а;н;и;ч;V;Ќј„»Ќј“№;V ipf praes pl indic - 1p;№
;.;.;PUNCT;;;;;;;;;;PUNCT;;;
;на;Ќј;PR;;;, начинаем . _на_ п€ть минут вспомни;а;н;;;;;PR;Ќј;PR;ј
;п€ть;ѕя“№;NUM acc - -;;;начинаем . на _п€ть_ минут вспомни 3;ь;т;€;п;;;NUM;ѕя“№;NUM acc - -;№
;минут;ћ»Ќ”“ј;S f inan gen pl;;;. на п€ть _минут_ вспомни 3 своих;т;у;н;и;м;;S;ћ»Ќ”“ј;S f inan gen pl;ј
;вспомни;¬—ѕќћЌ»“№;V pf - sg imper - 2p;;;на п€ть минут _вспомни_ 3 своих самых;и;н;м;о;п;с;V;¬—ѕќћЌ»“№;V pf - sg imper - 2p;№
;3;3;NUM - - -;;;п€ть минут вспомни _3_ своих самых счастливых;3;;;;;;NUM;3;NUM - - -;3
;своих;—¬ќ…;APRO - gen pl plen - -;;;минут вспомни 3 _своих_ самых счастливых момента;х;и;о;в;с;;APRO;—¬ќ…;A - gen pl plen - -;…
;самых;—јћџ…;A - gen pl plen - -;;;вспомни 3 своих _самых_ счастливых момента в;х;ы;м;а;с;;A;—јћџ…;A - gen pl plen - -;…
;счастливых;—„ј—“Ћ»¬џ…;A - gen pl plen - -;;;3 своих самых _счастливых_ момента в жизни;х;ы;в;и;л;т;A;—„ј—“Ћ»¬џ…;A - gen pl plen - -;…
;момента;ћќћ≈Ќ“;S m inan gen sg;;;своих самых счастливых _момента_ в жизни .;а;т;н;е;м;о;S;ћќћ≈Ќ“;S m inan gen sg;“
;в;¬;PR;;;самых счастливых момента _в_ жизни . ;в;;;;;;PR;¬;PR;¬
;жизни;∆»«Ќ№;S f inan loc sg;;;счастливых момента в _жизни_ .  ;и;н;з;и;ж;;S;∆»«Ќ№;S f inan loc sg;№
;.;.;PUNCT;;;;;;;;;;PUNCT;;;
;;;;;;;;;;;;;;;;
# sent = 2466;;;;;;;;;;;;;;;;
# speaker = јнтон;;;;;;;;;;;;;;;;
# sent = 2467;;;;;;;;;;;;;;;;
;Ќу;Ќ”;PART;;;   _Ќу_ , самые ..;у;н;;;;;PART;Ќ”;PART;”
;,;,;PUNCT;;;;;;;;;;PUNCT;;;
;самые;—јћџ…;A - nom pl plen - -;;; Ќу , _самые_ .. это сложно;е;ы;м;а;с;;A;—јћџ…;A - nom pl plen - -;…
;..;..;PUNCT;;;;;;;;;;PUNCT;;;
;это;Ё“ќ;SPRO n - nom sg;;;, самые .. _это_ сложно .. ;о;т;э;;;;SPRO;Ё“ќ;S n - nom sg;ќ
;сложно;—Ћќ∆Ќџ…;A - - sg brev n -;;;самые .. это _сложно_ ..  ;о;н;ж;о;л;с;A;—Ћќ∆Ќџ…;A - - sg brev n -;…
;..;..;PUNCT;;;;;;;;;;PUNCT;;;
;;;;;;;;;;;;;;;;
# sent = 2468;;;;;;;;;;;;;;;;
# speaker = я;;;;;;;;;;;;;;;;
# sent = 2469;;;;;;;;;;;;;;;;
;ј;ј;CONJ;;;   _ј_ ты попробуй .;а;;;;;;CONJ;ј;CONJ;ј
;ты;“џ;SPRO sg 2p - nom;;;  ј _ты_ попробуй . ;ы;т;;;;;SPRO;“џ;SPRO sg 2p - nom;џ
;попробуй;ѕќѕ–ќЅќ¬ј“№;V pf - sg imper - 2p;;; ј ты _попробуй_ .  ;й;у;б;о;р;п;V;ѕќѕ–ќЅќ¬ј“№;V pf - sg imper - 2p;№
;.;.;PUNCT;;;;;;;;;;PUNCT;;;
;;;;;;;;;;;;;;;;
# sent = 2470;;;;;;;;;;;;;;;;
# speaker = јнтон;;;;;;;;;;;;;;;;
# sent = 2471;;;;;;;;;;;;;;;;
;Ќу;Ќ”;PART;;;   _Ќу_ , наверное ,;у;н;;;;;PART;Ќ”;PART;”
;,;,;PUNCT;;;;;;;;;;PUNCT;;;
;наверное;Ќј¬≈–Ќќ≈;ADV -;;; Ќу , _наверное_ , первый счастливый;е;о;н;р;е;в;ADV;Ќј¬≈–Ќќ≈;ADV -;≈
;,;,;PUNCT;;;;;;;;;;PUNCT;;;
;первый;ѕ≈–¬џ…;ANUM - nom sg plen m -;;;, наверное , _первый_ счастливый момент -;й;ы;в;р;е;п;A;ѕ≈–¬џ…;A - nom sg plen m -;…
;счастливый;—„ј—“Ћ»¬џ…;A - acc sg plen m inan;;;наверное , первый _счастливый_ момент - это;й;ы;в;и;л;т;A;—„ј—“Ћ»¬џ…;A - acc sg plen m inan;…
;момент;ћќћ≈Ќ“;S m inan acc sg;;;, первый счастливый _момент_ - это когда;т;н;е;м;о;м;S;ћќћ≈Ќ“;S m inan acc sg;“
;-;-;PUNCT;;;;;;;;;;PUNCT;;;
;это;Ё“ќ;SPRO n - nom sg;;;счастливый момент - _это_ когда € в;о;т;э;;;;SPRO;Ё“ќ;S n - nom sg;ќ
;когда; ќ√ƒј;CONJ;;;момент - это _когда_ € в седьмом;а;д;г;о;к;;CONJ; ќ√ƒј;CONJ;ј
;€;я;SPRO sg 1p - nom;;;- это когда _€_ в седьмом классе;€;;;;;;SPRO;я;SPRO sg 1p - nom;я
;в;¬;PR;;;это когда € _в_ седьмом классе училс€;в;;;;;;PR;¬;PR;¬
;седьмом;—≈ƒ№ћќ…;ANUM - loc sg plen m -;;;когда € в _седьмом_ классе училс€ ,;м;о;м;ь;д;е;ANUM;—≈ƒ№ћќ…;A - loc sg plen m -;…
;классе; Ћј——;S m inan loc sg;;;€ в седьмом _классе_ училс€ , тогда;е;с;с;а;л;к;S; Ћј——;S m inan loc sg;—
;училс€;”„»“№—я;V ipf praet sg indic m -;;;в седьмом классе _училс€_ , тогда мы;€;с;л;и;ч;у;V;”„»“№—я;V ipf praet sg indic m -;я
;,;,;PUNCT;;;;;;;;;;PUNCT;;;
;тогда;“ќ√ƒј;ADV -;;;классе училс€ , _тогда_ мы только пришли;а;д;г;о;т;;ADV;“ќ√ƒј;ADV -;ј
;мы;ћџ;SPRO pl 1p - nom;;;училс€ , тогда _мы_ только пришли в;ы;м;;;;;SPRO;ћџ;SPRO pl 1p - nom;џ
;только;“ќЋ№ ќ;PART;;;, тогда мы _только_ пришли в лицей;о;к;ь;л;о;т;PART;“ќЋ№ ќ;PART;ќ
;пришли;ѕ–»…“»;V pf praet pl indic - -;;;тогда мы только _пришли_ в лицей и;и;л;ш;и;р;п;V;ѕ–»…“»;V pf praet pl indic - -;»
;в;¬;PR;;;мы только пришли _в_ лицей и там;в;;;;;;PR;¬;PR;¬
;лицей;Ћ»÷≈…;S m inan acc sg;;;только пришли в _лицей_ и там было;й;е;ц;и;л;;S;Ћ»÷≈…;S m inan acc sg;…
;и;»;CONJ;;;пришли в лицей _и_ там было ,;и;;;;;;CONJ;»;CONJ;»
;там;“јћ;ADV -;;;в лицей и _там_ было , пр€м;м;а;т;;;;ADV;“јћ;ADV -;ћ
;было;Ѕџ“№;V ipf praet sg indic n -;;;лицей и там _было_ , пр€м ,;о;л;ы;б;;;V;Ѕџ“№;V ipf praet sg indic n -;№
;,;,;PUNCT;;;;;;;;;;PUNCT;;;
;пр€м;ѕ–яћ;PART;;;там было , _пр€м_ , п€ть классов;м;€;р;п;;;PART;ѕ–яћќ…;A - - sg brev m -;ћ
;,;,;PUNCT;;;;;;;;;;PUNCT;;;
;п€ть;ѕя“№;NUM acc - -;;;, пр€м , _п€ть_ классов наших с;ь;т;€;п;;;NUM;ѕя“№;NUM acc - -;№
;классов; Ћј——;S m inan gen pl;;;пр€м , п€ть _классов_ наших с седьмого;в;о;с;с;а;л;S; Ћј——;S m inan gen pl;—
;наших;ЌјЎ;APRO - gen pl plen - -;;;, п€ть классов _наших_ с седьмого по;х;и;ш;а;н;;APRO;ЌјЎ;A - gen pl plen - -;Ў
;с;—;PR;;;п€ть классов наших _с_ седьмого по одиннадцатый;с;;;;;;PR;—;PR;—
;седьмого;—≈ƒ№ћќ…;ANUM - gen sg plen m -;;;классов наших с _седьмого_ по одиннадцатый ,;о;г;о;м;ь;д;ANUM;—≈ƒ№ћќ…;A - gen sg plen m -;…
;по;ѕќ;PR;;;наших с седьмого _по_ одиннадцатый , и;о;п;;;;;PR;ѕќ;PR;ќ
;одиннадцатый;ќƒ»ЌЌјƒ÷ј“џ…;ANUM - acc sg plen m inan;;;с седьмого по _одиннадцатый_ , и все;й;ы;т;а;ц;д;ANUM;ќƒ»ЌЌјƒ÷ј“џ…;A - acc sg plen m inan;…
;,;,;PUNCT;;;;;;;;;;PUNCT;;;
;и;»;CONJ;;;по одиннадцатый , _и_ все на нас;и;;;;;;CONJ;»;CONJ;»
;все;¬—≈;S - - nom pl;;;одиннадцатый , и _все_ на нас смотрели;е;с;в;;;;S;¬—≈;S - - nom pl;≈
;на;Ќј;PR;;;, и все _на_ нас смотрели одиннадцатиклассники;а;н;;;;;PR;Ќј;PR;ј
;нас;ћџ;SPRO pl 1p - loc;;;и все на _нас_ смотрели одиннадцатиклассники в;с;а;н;;;;SPRO;ћџ;SPRO pl 1p - loc;џ
;смотрели;—ћќ“–≈“№;V ipf praet pl indic - -;;;все на нас _смотрели_ одиннадцатиклассники в столовой;и;л;е;р;т;о;V;—ћќ“–≈“№;V ipf praet pl indic - -;№
;одиннадцатиклассники;ќƒ»ЌЌјƒ÷ј“» Ћј——Ќ» ;S m anim nom pl;;;на нас смотрели _одиннадцатиклассники_ в столовой ,;и;к;и;н;с;с;S;ќƒ»ЌЌјƒ÷ј“» Ћј——Ќ» ;S m anim nom pl; 
;в;¬;PR;;;нас смотрели одиннадцатиклассники _в_ столовой , что;в;;;;;;PR;¬;PR;¬
;столовой;—“ќЋќ¬јя;S f inan loc sg;;;смотрели одиннадцатиклассники в _столовой_ , что это;й;о;в;о;л;о;S;—“ќЋќ¬јя;S f inan loc sg;я
;,;,;PUNCT;;;;;;;;;;PUNCT;;;
;что;„“ќ;CONJ;;;в столовой , _что_ это за мелочь;о;т;ч;;;;CONJ;„“ќ;CONJ;ќ
;это;Ё“ќ;SPRO n - nom sg;;;столовой , что _это_ за мелочь здесь;о;т;э;;;;SPRO;Ё“ќ;S n - nom sg;ќ
;за;«ј;PR;;;, что это _за_ мелочь здесь ходит;а;з;;;;;PR;«ј;PR;ј
;мелочь;ћ≈Ћќ„№;S f inan acc sg;;;что это за _мелочь_ здесь ходит ,;ь;ч;о;л;е;м;S;ћ≈Ћќ„№;S f inan acc sg;№
;здесь;«ƒ≈—№;ADV -;;;это за мелочь _здесь_ ходит , а;ь;с;е;д;з;;ADV;«ƒ≈—№;ADV -;№
;ходит;’ќƒ»“№;V ipf praes sg indic - 3p;;;за мелочь здесь _ходит_ , а нам;т;и;д;о;х;;V;’ќƒ»“№;V ipf praes sg indic - 3p;№
;,;,;PUNCT;;;;;;;;;;PUNCT;;;
;а;ј;CONJ;;;здесь ходит , _а_ нам было прикольно;а;;;;;;CONJ;ј;CONJ;ј
;нам;ћџ;SPRO pl 1p - dat;;;ходит , а _нам_ было прикольно ,;м;а;н;;;;SPRO;ћџ;SPRO pl 1p - dat;џ
;было;Ѕџ“№;V ipf praet sg indic n -;;;, а нам _было_ прикольно , у;о;л;ы;б;;;V;Ѕџ“№;V ipf praet sg indic n -;№
;прикольно;ѕ–» ќЋ№Ќќ;ADV -;;;а нам было _прикольно_ , у нас;о;н;ь;л;о;к;ADV;ѕ–» ќЋ№Ќќ;ADV -;ќ
;,;,;PUNCT;;;;;;;;;;PUNCT;;;
;у;”;PR;;;было прикольно , _у_ нас , там;у;;;;;;PR;”;PR;”
;нас;ћџ;SPRO pl 1p - loc;;;прикольно , у _нас_ , там ,;с;а;н;;;;SPRO;ћџ;SPRO pl 1p - loc;џ
;,;,;PUNCT;;;;;;;;;;PUNCT;;;
;там;“јћ;PART;;;у нас , _там_ , тусовки разные;м;а;т;;;;PART;“јћ;ADV -;ћ
;,;,;PUNCT;;;;;;;;;;PUNCT;;;
;тусовки;“”—ќ¬ ј;S f inan gen sg;;;, там , _тусовки_ разные были :;и;к;в;о;с;у;S;“”—ќ¬ ј;S f inan gen sg;ј
;разные;–ј«Ќџ…;A - nom pl plen - -;;;там , тусовки _разные_ были : сходить;е;ы;н;з;а;р;A;–ј«Ќџ…;A - nom pl plen - -;…
;были;Ѕџ“№;V ipf praet pl indic - -;;;, тусовки разные _были_ : сходить в;и;л;ы;б;;;V;Ѕџ“№;V ipf praet pl indic - -;№
;:;:;PUNCT;;;;;;;;;;PUNCT;;;
;сходить;—’ќƒ»“№;V ipf - - inf - -;;;разные были : _сходить_ в  апитолий или;ь;т;и;д;о;х;V;—’ќƒ»“№;V ipf - - inf - -;№
;в;¬;PR;;;были : сходить _в_  апитолий или че;в;;;;;;PR;¬;PR;¬
; апитолий; јѕ»“ќЋ»…;S m inan acc sg;;;: сходить в _ апитолий_ или че -;й;и;л;о;т;и;S; јѕ»“ќЋ»…;S m inan acc sg;…
;или;»Ћ»;CONJ;;;сходить в  апитолий _или_ че - то;и;л;и;;;;CONJ;»Ћ»;CONJ;»
;че;„≈;SPRO n inan nom sg;distort;;в  апитолий или _че_ - то типа;е;ч;;;;;SPRO;„≈;S n inan nonflex -;≈
;-;-;PUNCT;;;;;;;;;;PUNCT;;;
;то;“ќ;PART;;;или че - _то_ типа того .;о;т;;;;;PART;“ќ;CONJ;ќ
;типа;“»ѕј;PART;;;че - то _типа_ того . ;а;п;и;т;;;PART;“»ѕј;PART;ј
;того;“ќ;SPRO n - gen sg;;;- то типа _того_ .  ;о;г;о;т;;;SPRO;“ќ;S n - gen sg;ќ
;.;.;PUNCT;;;;;;;;;;PUNCT;;;
;;;;;;;;;;;;;;;;
# sent = 2472;;;;;;;;;;;;;;;;
;»;»;CONJ;;;.   _»_ было очень весело;и;;;;;;CONJ;»;CONJ;»
;было;Ѕџ“№;V ipf praet sg indic n -;;;  » _было_ очень весело ,;о;л;ы;б;;;V;Ѕџ“№;V ipf praet sg indic n -;№
;очень;ќ„≈Ќ№;ADV -;;; » было _очень_ весело , непринуждЄнно;ь;н;е;ч;о;;ADV;ќ„≈Ќ№;ADV -;№
;весело;¬≈—≈Ћќ;ADV -;;;» было очень _весело_ , непринуждЄнно ,;о;л;е;с;е;в;ADV;¬≈—≈Ћќ;ADV -;ќ
;,;,;PUNCT;;;;;;;;;;PUNCT;;;
;непринуждЄнно;Ќ≈ѕ–»Ќ”∆ƒ≈ЌЌџ…;A - - sg brev n -;;;очень весело , _непринуждЄнно_ , и не;о;н;н;Є;д;ж;A;Ќ≈ѕ–»Ќ”∆ƒ≈ЌЌџ…;A - - sg brev n -;…
;,;,;PUNCT;;;;;;;;;;PUNCT;;;
;и;»;CONJ;;;, непринуждЄнно , _и_ не было столько;и;;;;;;CONJ;»;CONJ;»
;не;Ќ≈;PART;;;непринуждЄнно , и _не_ было столько проблем;е;н;;;;;PART;Ќ≈;PART;≈
;было;Ѕџ“№;V ipf praet sg indic n -;;;, и не _было_ столько проблем ,;о;л;ы;б;;;V;Ѕџ“№;V ipf praet sg indic n -;№
;столько;—“ќЋ№ ќ;NUM acc - -;;;и не было _столько_ проблем , вс€кие;о;к;ь;л;о;т;NUM;—“ќЋ№ ќ;NUM acc - -;ќ
;проблем;ѕ–ќЅЋ≈ћј;S f inan gen pl;;;не было столько _проблем_ , вс€кие экзамены;м;е;л;б;о;р;S;ѕ–ќЅЋ≈ћј;S f inan gen pl;ј
;,;,;PUNCT;;;;;;;;;;PUNCT;;;
;вс€кие;¬—я »…;A - nom pl plen - -;;;столько проблем , _вс€кие_ экзамены , и;е;и;к;€;с;в;A;¬—я »…;A - nom pl plen - -;…
;экзамены;Ё «јћ≈Ќ;S m inan nom pl;;;проблем , вс€кие _экзамены_ , и ,;ы;н;е;м;а;з;S;Ё «јћ≈Ќ;S m inan nom pl;Ќ
;,;,;PUNCT;;;;;;;;;;PUNCT;;;
;и;»;CONJ;;;вс€кие экзамены , _и_ , в общем;и;;;;;;CONJ;»;CONJ;»
;,;,;PUNCT;;;;;;;;;;PUNCT;;;
;в;¬;PR;;;, и , _в_ общем , весЄла€;в;;;;;;PR;¬;PR;¬
;общем;ќЅў»…;A - loc sg plen m -;;;и , в _общем_ , весЄла€ пора;м;е;щ;б;о;;A;ќЅў»…;A - loc sg plen m -;…
;,;,;PUNCT;;;;;;;;;;PUNCT;;;
;весЄла€;¬≈—≈Ћџ…;A - nom sg plen f -;;;в общем , _весЄла€_ пора . ;€;а;л;Є;с;е;A;¬≈—≈Ћџ…;A - nom sg plen f -;…
;пора;ѕќ–ј;S f inan nom sg;;;общем , весЄла€ _пора_ .  ;а;р;о;п;;;S;ѕќ–ј;S f inan nom sg;ј
;.;.;PUNCT;;;;;;;;;;PUNCT;;;
;;;;;;;;;;;;;;;;
# sent = 2473;;;;;;;;;;;;;;;;
;¬торой;¬“ќ–ќ…;ANUM - nom sg plen m -;;;.   _¬торой_ - это в;й;о;р;о;т;в;ANUM;¬“ќ–ќ…;A - nom sg plen m -;…
;-;-;PUNCT;;;;;;;;;;PUNCT;;;
;это;Ё“ќ;SPRO n - acc sg;;; ¬торой - _это_ в .. наверное;о;т;э;;;;SPRO;Ё“ќ;S n inan acc sg;ќ
;в;¬;PR;;;¬торой - это _в_ .. наверное ,;в;;;;;;PR;¬;PR;¬
;..;..;PUNCT;;;;;;;;;;PUNCT;;;
;наверное;Ќј¬≈–Ќќ≈;ADV -;;;это в .. _наверное_ , когда мне;е;о;н;р;е;в;ADV;Ќј¬≈–Ќќ≈;ADV -;≈
;,;,;PUNCT;;;;;;;;;;PUNCT;;;
;когда; ќ√ƒј;CONJ;;;.. наверное , _когда_ мне .. в;а;д;г;о;к;;CONJ; ќ√ƒј;CONJ;ј
;мне;я;SPRO sg 1p - dat;;;наверное , когда _мне_ .. в ..;е;н;м;;;;SPRO;я;SPRO sg 1p - dat;я
;..;..;PUNCT;;;;;;;;;;PUNCT;;;
;в;¬;PR;;;когда мне .. _в_ ..  ;в;;;;;;PR;¬;PR;¬
;..;..;PUNCT;;;;;;;;;;PUNCT;;;
;;;;;;;;;;;;;;;;
# sent = 2474;;;;;;;;;;;;;;;;
;Ќо€брьске;ЌќяЅ–№— ;S m inan gen sg;;;..   _Ќо€брьске_ когда мы жили;е;к;с;ь;р;б;S;ЌќяЅ–№— ;S m inan gen sg; 
;когда; ќ√ƒј;CONJ;;;  Ќо€брьске _когда_ мы жили ,;а;д;г;о;к;;CONJ; ќ√ƒј;CONJ;ј
;мы;ћџ;SPRO pl 1p - nom;;; Ќо€брьске когда _мы_ жили , подарили;ы;м;;;;;SPRO;ћџ;SPRO pl 1p - nom;џ
;жили;∆»“№;V ipf praet pl indic - -;;;Ќо€брьске когда мы _жили_ , подарили родители;и;л;и;ж;;;V;∆»“№;V ipf praet pl indic - -;№
;,;,;PUNCT;;;;;;;;;;PUNCT;;;
;подарили;ѕќƒј–»“№;V pf praet pl indic - -;;;мы жили , _подарили_ родители геймбой .;и;л;и;р;а;д;V;ѕќƒј–»“№;V pf praet pl indic - -;№
;родители;–ќƒ»“≈Ћ№;S m anim nom pl;;;жили , подарили _родители_ геймбой . ;и;л;е;т;и;д;S;–ќƒ»“≈Ћ№;S m anim nom pl;№
;геймбой;√≈…ћЅќ…;S m inan gen sg;;;, подарили родители _геймбой_ .  ;й;о;б;м;й;е;S;√≈…ћЅќ…;S m inan gen sg;…
;.;.;PUNCT;;;;;;;;;;PUNCT;;;
;;;;;;;;;;;;;;;;
# sent = 2475;;;;;;;;;;;;;;;;
;Ёто;Ё“ќ;SPRO n - nom sg;;;.   _Ёто_ ваще было нечто;о;т;э;;;;SPRO;Ё“ќ;S n - nom sg;ќ
;ваще;¬јўј;S f inan loc sg;distort;;  Ёто _ваще_ было нечто !;е;щ;а;в;;;S;¬јўј;S f inan loc sg;ј
;было;Ѕџ“№;V ipf praet sg indic n -;;; Ёто ваще _было_ нечто ! ;о;л;ы;б;;;V;Ѕџ“№;V ipf praet sg indic n -;№
;нечто;Ќ≈„“ќ;SPRO n inan nom sg;;;Ёто ваще было _нечто_ !  ;о;т;ч;е;н;;SPRO;Ќ≈„“ќ;S n inan nom sg;ќ
;!;!;PUNCT;;;;;;;;;;PUNCT;;;
;;;;;;;;;;;;;;;;
# sent = 2476;;;;;;;;;;;;;;;;
;я;я;SPRO sg 1p - nom;;;!   _я_ первого €нвар€ и;€;;;;;;SPRO;я;S - - nonflex -;я
;первого;ѕ≈–¬џ…;ANUM - gen sg plen m -;;;  я _первого_ €нвар€ и сижу;о;г;о;в;р;е;A;ѕ≈–¬џ…;A - gen sg plen m -;…
;€нвар€;яЌ¬ј–№;S m inan gen sg;;; я первого _€нвар€_ и сижу играю;€;р;а;в;н;€;S;яЌ¬ј–№;S m inan gen sg;№
;и;»;CONJ;;;я первого €нвар€ _и_ сижу играю ,;и;;;;;;CONJ;»;CONJ;»
;сижу;—»ƒ≈“№;V ipf praes sg indic - 1p;;;первого €нвар€ и _сижу_ играю , в;у;ж;и;с;;;V;—»ƒ≈“№;V ipf praes sg indic - 1p;№
;играю;»√–ј“№;V ipf praes sg indic - 1p;;;€нвар€ и сижу _играю_ , в этот;ю;а;р;г;и;;V;»√–ј“№;V ipf praes sg indic - 1p;№
;,;,;PUNCT;;;;;;;;;;PUNCT;;;
;в;¬;PR;;;"сижу играю , _в_ этот , """;в;;;;;;PR;¬;PR;¬
;этот;Ё“ќ“;APRO - acc sg plen m inan;;;"играю , в _этот_ , "" „ерепашки";т;о;т;э;;;APRO;Ё“ќ“;A - acc sg plen m inan;“
;,;,;PUNCT;;;;;;;;;;PUNCT;;;
;"""";"""";PUNCT;;;;;;;;;;PUNCT;;;
;„ерепашки;„≈–≈ѕјЎ ј;S f inan nom sg;;;"этот , "" _„ерепашки_ ниндз€ "" .";и;к;ш;а;п;е;S;„≈–≈ѕјЎ ј;S f inan nom sg;ј
;ниндз€;Ќ»Ќƒ«я;S m anim acc pl;;;", "" „ерепашки _ниндз€_ "" . ";€;з;д;н;и;н;S;Ќ»Ќƒ«я;S m anim acc pl;я
;"""";"""";PUNCT;;;;;;;;;;PUNCT;;;
;.;.;PUNCT;;;;;;;;;;PUNCT;;;
;;;;;;;;;;;;;;;;
# sent = 2477;;;;;;;;;;;;;;;;
;ћне;я;SPRO sg 1p - dat;;;".   _ћне_ говор€т "" »дЄм";е;н;м;;;;SPRO;я;SPRO sg 1p - dat;я
;говор€т;√ќ¬ќ–»“№;V ipf praes pl indic - 3p;;;"  ћне _говор€т_ "" »дЄм есть";т;€;р;о;в;о;V;√ќ¬ќ–»“№;V ipf praes pl indic - 3p;№
;"""";"""";PUNCT;;;;;;;;;;PUNCT;;;
;»дЄм;»ƒ“»;V ipf - pl imper - 1p;;;"ћне говор€т "" _»дЄм_ есть "" ,";м;Є;д;и;;;V;»ƒ“»;V ipf - pl imper - 1p;»
;есть;≈—“№;V ipf praes sg indic - 3p;;;"говор€т "" »дЄм _есть_ "" , €";ь;т;с;е;;;V;Ѕџ“№;V ipf praes sg indic - 3p;№
;"""";"""";PUNCT;;;;;;;;;;PUNCT;;;
;,;,;PUNCT;;;;;;;;;;PUNCT;;;
;€;я;SPRO sg 1p - nom;;;"есть "" , _€_ такой "" ";€;;;;;;SPRO;я;SPRO sg 1p - nom;я
;такой;“ј ќ…;APRO - nom sg plen m -;;;""" , € _такой_ ""  ўа";й;о;к;а;т;;APRO;“ј ќ…;A - nom sg plen m -;…
;"""";"""";PUNCT;;;;;;;;;;PUNCT;;;
"<distinct form=""";;;;;;;;;;;;;;;;
<dist>;ўа;;;;;;;;;;;;;;;
""">";;;;;;;;;;;;;;;;
;—ейчас;—≈…„ј—;ADV -;;; ўа  _—ейчас_  , ;с;а;ч;й;е;с;ADV;—≈…„ј—;ADV -;—
</distinct>;;;;;;;;;;;;;;;;
;,;,;PUNCT;;;;;;;;;;PUNCT;;;
"<distinct form=""";;;;;;;;;;;;;;;;
<dist>;ща;;;;;;;;;;;;;;;
""">";;;;;;;;;;;;;;;;
;сейчас;—≈…„ј—;ADV -;;;" ща  _сейчас_  "" и";с;а;ч;й;е;с;ADV;—≈…„ј—;ADV -;—
</distinct>;;;;;;;;;;;;;;;;
;"""";"""";PUNCT;;;;;;;;;;PUNCT;;;
;и;»;CONJ;;;"сейчас  "" _и_ час сидел .";и;;;;;;CONJ;»;CONJ;»
;час;„ј—;S m inan nom sg;;;" "" и _час_ сидел . ";с;а;ч;;;;S;„ј—;S m inan nom sg;—
;сидел;—»ƒ≈“№;V ipf praet sg indic m -;;;""" и час _сидел_ .  ";л;е;д;и;с;;V;—»ƒ≈“№;V ipf praet sg indic m -;№
;.;.;PUNCT;;;;;;;;;;PUNCT;;;
;;;;;;;;;;;;;;;;
# sent = 2478;;;;;;;;;;;;;;;;
;¬от;¬ќ“;PART;;;.   _¬от_ , а третье;т;о;в;;;;PART;¬ќ“;PART;“
;,;,;PUNCT;;;;;;;;;;PUNCT;;;
;а;ј;CONJ;;; ¬от , _а_ третье - это;а;;;;;;CONJ;ј;CONJ;ј
;третье;“–≈“»…;ANUM - nom sg plen n -;;;¬от , а _третье_ - это ,;е;ь;т;е;р;т;ANUM;“–≈“»…;A - nom sg plen n -;…
;-;-;PUNCT;;;;;;;;;;PUNCT;;;
;это;Ё“ќ;SPRO n - nom sg;;;а третье - _это_ , наверное ,;о;т;э;;;;SPRO;Ё“ќ;S n - nom sg;ќ
;,;,;PUNCT;;;;;;;;;;PUNCT;;;
;наверное;Ќј¬≈–Ќќ≈;ADV -;;;- это , _наверное_ , когда €;е;о;н;р;е;в;ADV;Ќј¬≈–Ќќ≈;ADV -;≈
;,;,;PUNCT;;;;;;;;;;PUNCT;;;
;когда; ќ√ƒј;CONJ;;;, наверное , _когда_ € сейчас поступил;а;д;г;о;к;;CONJ; ќ√ƒј;CONJ;ј
;€;я;SPRO sg 1p - nom;;;наверное , когда _€_ сейчас поступил в;€;;;;;;SPRO;я;SPRO sg 1p - nom;я
;сейчас;—≈…„ј—;ADV -;;;, когда € _сейчас_ поступил в университет;с;а;ч;й;е;с;ADV;—≈…„ј—;ADV -;—
;поступил;ѕќ—“”ѕ»“№;V pf praet sg indic m -;;;когда € сейчас _поступил_ в университет ,;л;и;п;у;т;с;V;ѕќ—“”ѕ»“№;V pf praet sg indic m -;№
;в;¬;PR;;;€ сейчас поступил _в_ университет , вот;в;;;;;;PR;¬;PR;¬
;университет;”Ќ»¬≈–—»“≈“;S m inan acc sg;;;сейчас поступил в _университет_ , вот эта;т;е;т;и;с;р;S;”Ќ»¬≈–—»“≈“;S m inan acc sg;“
;,;,;PUNCT;;;;;;;;;;PUNCT;;;
;вот;¬ќ“;PART;;;в университет , _вот_ эта перва€ недел€;т;о;в;;;;PART;¬ќ“;PART;“
;эта;Ё“ќ“;APRO - nom sg plen f -;;;университет , вот _эта_ перва€ недел€ .;а;т;э;;;;APRO;Ё“ќ“;A - nom sg plen f -;“
;перва€;ѕ≈–¬џ…;ANUM - nom sg plen f -;;;, вот эта _перва€_ недел€ . ;€;а;в;р;е;п;A;ѕ≈–¬џ…;A - nom sg plen f -;…
;недел€;Ќ≈ƒ≈Ћя;S f inan nom sg;;;вот эта перва€ _недел€_ .  ;€;л;е;д;е;н;S;Ќ≈ƒ≈Ћя;S f inan nom sg;я
;.;.;PUNCT;;;;;;;;;;PUNCT;;;
;;;;;;;;;;;;;;;;
# sent = 2479;;;;;;;;;;;;;;;;
;я;я;SPRO sg 1p - nom;;;.   _я_ каждый день ходил;€;;;;;;SPRO;я;SPRO sg 1p - nom;я
;каждый; ј∆ƒџ…;APRO - nom sg plen m -;;;  я _каждый_ день ходил по;й;ы;д;ж;а;к;APRO; ј∆ƒџ…;A - nom sg plen m -;…
;день;ƒ≈Ќ№;S m inan nom sg;;; я каждый _день_ ходил по университету;ь;н;е;д;;;S;ƒ≈Ќ№;S m inan nom sg;№
;ходил;’ќƒ»“№;V ipf praet sg indic m -;;;я каждый день _ходил_ по университету счастливый;л;и;д;о;х;;V;’ќƒ»“№;V ipf praet sg indic m -;№
;по;ѕќ;PR;;;каждый день ходил _по_ университету счастливый нереально;о;п;;;;;PR;ѕќ;PR;ќ
;университету;”Ќ»¬≈–—»“≈“;S m inan dat sg;;;день ходил по _университету_ счастливый нереально ,;у;т;е;т;и;с;S;”Ќ»¬≈–—»“≈“;S m inan dat sg;“
;счастливый;—„ј—“Ћ»¬џ…;A - nom sg plen m -;;;ходил по университету _счастливый_ нереально , то есть;й;ы;в;и;л;т;A;—„ј—“Ћ»¬џ…;A - nom sg plen m -;…
;нереально;Ќ≈–≈јЋ№Ќќ;ADV -;;;по университету счастливый _нереально_ , то есть ,;о;н;ь;л;а;е;ADV;Ќ≈–≈јЋ№Ќќ;ADV -;ќ
;,;,;PUNCT;;;;;;;;;;PUNCT;;;
;то есть;то есть;CONJ;;;счастливый нереально , _то есть_ , там ,;ь;т;с;е; ;о;CONJ;то есть;ADV -;ь
;,;,;PUNCT;;;;;;;;;;PUNCT;;;
;там;“јћ;ADV -;;;, то есть , _там_ , общаешьс€ с;м;а;т;;;;ADV;“јћ;ADV -;ћ
;,;,;PUNCT;;;;;;;;;;PUNCT;;;
;общаешьс€;ќЅўј“№—я;V ipf praes sg indic - 2p;;;, там , _общаешьс€_ с людьми ,;€;с;ь;ш;е;а;V;ќЅўј“№—я;V ipf praes sg indic - 2p;я
;с;—;PR;;;там , общаешьс€ _с_ людьми , там;с;;;;;;PR;—;PR;—
;людьми;„≈Ћќ¬≈ ;S m anim ins pl;;;, общаешьс€ с _людьми_ , там ,;и;м;ь;д;ю;л;S;„≈Ћќ¬≈ ;S m anim ins pl; 
;,;,;PUNCT;;;;;;;;;;PUNCT;;;
;там;“јћ;ADV -;;;с людьми , _там_ , какие-то аудитории;м;а;т;;;;ADV;“јћ;ADV -;ћ
;,;,;PUNCT;;;;;;;;;;PUNCT;;;
;какие-то; ј ќ…-“ќ;APRO - nom pl plen - -;;;, там , _какие-то_ аудитории , не;о;т;-;е;и;к;APRO; ј ќ…-“ќ;A - nom pl plen - -;ќ
;аудитории;ј”ƒ»“ќ–»я;S f inan nom pl;;;там , какие-то _аудитории_ , не аудитории;и;и;р;о;т;и;S;ј”ƒ»“ќ–»я;S f inan nom pl;я
;,;,;PUNCT;;;;;;;;;;PUNCT;;;
;не;Ќ≈;PART;;;какие-то аудитории , _не_ аудитории , тот;е;н;;;;;PART;Ќ≈;PART;≈
;аудитории;ј”ƒ»“ќ–»я;S f inan gen sg;;;аудитории , не _аудитории_ , тот движ;и;и;р;о;т;и;S;ј”ƒ»“ќ–»я;S f inan gen sg;я
;,;,;PUNCT;;;;;;;;;;PUNCT;;;
;тот;“ќ“;APRO - nom sg plen m -;;;не аудитории , _тот_ движ и потом;т;о;т;;;;APRO;“ќ“;A - nom sg plen m -;“
;движ;ƒ¬»∆;S m inan acc sg;new;;аудитории , тот _движ_ и потом €;ж;и;в;д;;;S;ƒ¬»∆;S m inan acc sg;∆
;и;»;CONJ;;;, тот движ _и_ потом € каждый;и;;;;;;CONJ;»;CONJ;»
;потом;ѕќ“ќћ;ADV -;;;тот движ и _потом_ € каждый день;м;о;т;о;п;;ADV;ѕќ“ќћ;ADV -;ћ
;€;я;SPRO sg 1p - nom;;;движ и потом _€_ каждый день приходил;€;;;;;;SPRO;я;SPRO sg 1p - nom;я
;каждый; ј∆ƒџ…;APRO - nom sg plen m -;;;и потом € _каждый_ день приходил домой;й;ы;д;ж;а;к;APRO; ј∆ƒџ…;A - nom sg plen m -;…
;день;ƒ≈Ќ№;S m inan nom sg;;;потом € каждый _день_ приходил домой ватный;ь;н;е;д;;;S;ƒ≈Ќ№;S m inan nom sg;№
;приходил;ѕ–»’ќƒ»“№;V ipf praet sg indic m -;;;€ каждый день _приходил_ домой ватный и;л;и;д;о;х;и;V;ѕ–»’ќƒ»“№;V ipf praet sg indic m -;№
;домой;ƒќћќ…;ADV -;;;каждый день приходил _домой_ ватный и ложилс€;й;о;м;о;д;;ADV;ƒќћќ…;ADV -;…
;ватный;¬ј“Ќџ…;A - nom sg plen m -;;;день приходил домой _ватный_ и ложилс€ спать;й;ы;н;т;а;в;A;¬ј“Ќџ…;A - nom sg plen m -;…
;и;»;CONJ;;;приходил домой ватный _и_ ложилс€ спать ,;и;;;;;;CONJ;»;CONJ;»
;ложилс€;Ћќ∆»“№—я;V ipf praet sg indic m -;;;домой ватный и _ложилс€_ спать , пыталс€;€;с;л;и;ж;о;V;Ћќ∆»“№—я;V ipf praet sg indic m -;я
;спать;—ѕј“№;V ipf - - inf - -;;;ватный и ложилс€ _спать_ , пыталс€ поспать;ь;т;а;п;с;;V;—ѕј“№;V ipf - - inf - -;№
;,;,;PUNCT;;;;;;;;;;PUNCT;;;
;пыталс€;ѕџ“ј“№—я;V ipf praet sg indic m -;;;ложилс€ спать , _пыталс€_ поспать где-то 8;€;с;л;а;т;ы;V;ѕџ“ј“№—я;V ipf praet sg indic m -;я
;поспать;ѕќ—ѕј“№;V pf - - inf - -;;;спать , пыталс€ _поспать_ где-то 8 часов;ь;т;а;п;с;о;V;ѕќ—ѕј“№;V pf - - inf - -;№
;где-то;√ƒ≈-“ќ;ADV -;;;, пыталс€ поспать _где-то_ 8 часов ,;о;т;-;е;д;г;ADV;√ƒ≈-“ќ;ADV -;ќ
;8;8;NUM - - -;;;пыталс€ поспать где-то _8_ часов , и;8;;;;;;NUM;8;NUM - - -;8
;часов;„ј—;S m inan gen pl;;;поспать где-то 8 _часов_ , и мне;в;о;с;а;ч;;S;„ј—;S m inan gen pl;—
;,;,;PUNCT;;;;;;;;;;PUNCT;;;
;и;»;CONJ;;;8 часов , _и_ мне этого не;и;;;;;;CONJ;»;CONJ;»
;мне;я;SPRO sg 1p - dat;;;часов , и _мне_ этого не хватало;е;н;м;;;;SPRO;я;SPRO sg 1p - dat;я
;этого;Ё“ќ;SPRO n - gen sg;;;, и мне _этого_ не хватало .;о;г;о;т;э;;SPRO;Ё“ќ;S n - gen sg;ќ
;не;Ќ≈;PART;;;и мне этого _не_ хватало . ;е;н;;;;;PART;Ќ≈;PART;≈
;хватало;’¬ј“ј“№;V ipf praet sg indic n -;;;мне этого не _хватало_ .  ;о;л;а;т;а;в;V;’¬ј“ј“№;V ipf praet sg indic n -;№
;.;.;PUNCT;;;;;;;;;;PUNCT;;;
;;;;;;;;;;;;;;;;
# sent = 2480;;;;;;;;;;;;;;;;
;»;»;CONJ;;;.   _»_ € каждый день;и;;;;;;CONJ;»;CONJ;»
;€;я;SPRO sg 1p - nom;;;  » _€_ каждый день вставал;€;;;;;;SPRO;я;SPRO sg 1p - nom;я
;каждый; ј∆ƒџ…;APRO - nom sg plen m -;;; » € _каждый_ день вставал такой;й;ы;д;ж;а;к;APRO; ј∆ƒџ…;A - nom sg plen m -;…
;день;ƒ≈Ќ№;S m inan nom sg;;;» € каждый _день_ вставал такой бодрый;ь;н;е;д;;;S;ƒ≈Ќ№;S m inan nom sg;№
;вставал;¬—“ј¬ј“№;V ipf praet sg indic m -;;;€ каждый день _вставал_ такой бодрый и;л;а;в;а;т;с;V;¬—“ј¬ј“№;V ipf praet sg indic m -;№
;такой;“ј ќ…;APRO - nom sg plen m -;;;каждый день вставал _такой_ бодрый и вечером;й;о;к;а;т;;APRO;“ј ќ…;A - nom sg plen m -;…
;бодрый;Ѕќƒ–џ…;A - nom sg plen m -;;;день вставал такой _бодрый_ и вечером прихожу;й;ы;р;д;о;б;A;Ѕќƒ–џ…;A - nom sg plen m -;…
;и;»;CONJ;;;вставал такой бодрый _и_ вечером прихожу вообще;и;;;;;;CONJ;»;CONJ;»
;вечером;¬≈„≈–;S m inan ins sg;;;такой бодрый и _вечером_ прихожу вообще никакой;м;о;р;е;ч;е;S;¬≈„≈–;S m inan ins sg;–
;прихожу;ѕ–»’ќƒ»“№;V ipf praes sg indic - 1p;;;бодрый и вечером _прихожу_ вообще никакой .;у;ж;о;х;и;р;V;ѕ–»’ќƒ»“№;V ipf praes sg indic - 1p;№
;вообще;¬ќќЅў≈;ADV -;;;и вечером прихожу _вообще_ никакой . ;е;щ;б;о;о;в;ADV;¬ќќЅў≈;ADV -;≈
;никакой;Ќ» ј ќ…;APRO - gen sg plen f -;;;вечером прихожу вообще _никакой_ .  ;й;о;к;а;к;и;APRO;Ќ» ј ќ…;A - gen sg plen f -;…
;.;.;PUNCT;;;;;;;;;;PUNCT;;;
;;;;;;;;;;;;;;;;
# sent = 2481;;;;;;;;;;;;;;;;
;”ниверситет;”Ќ»¬≈–—»“≈“;S m inan nom sg;;;.   _”ниверситет_ изматывал мен€ нереально;т;е;т;и;с;р;S;”Ќ»¬≈–—»“≈“;S m inan nom sg;“
;изматывал;»«ћј“џ¬ј“№;V ipf praet sg indic m -;;;  ”ниверситет _изматывал_ мен€ нереально ,;л;а;в;ы;т;а;V;»«ћј“џ¬ј“№;V ipf praet sg indic m -;№
;мен€;я;SPRO sg 1p - acc;;; ”ниверситет изматывал _мен€_ нереально , и;€;н;е;м;;;SPRO;я;SPRO sg 1p - acc;я
;нереально;Ќ≈–≈јЋ№Ќќ;ADV -;;;”ниверситет изматывал мен€ _нереально_ , и было;о;н;ь;л;а;е;ADV;Ќ≈–≈јЋ№Ќќ;ADV -;ќ
;,;,;PUNCT;;;;;;;;;;PUNCT;;;
;и;»;CONJ;;;мен€ нереально , _и_ было очень много;и;;;;;;CONJ;»;CONJ;»
;было;Ѕџ“№;V ipf praet sg indic n -;;;нереально , и _было_ очень много таких;о;л;ы;б;;;V;Ѕџ“№;V ipf praet sg indic n -;№
;очень;ќ„≈Ќ№;ADV -;;;, и было _очень_ много таких ...;ь;н;е;ч;о;;ADV;ќ„≈Ќ№;ADV -;№
;много;ћЌќ√ќ;ADV -;;;и было очень _много_ таких ... проблем;о;г;о;н;м;;ADV;ћЌќ√ќ;ADV -;ќ
;таких;“ј ќ…;APRO - loc pl plen - -;;;было очень много _таких_ ... проблем ,;х;и;к;а;т;;APRO;“ј ќ…;A - loc pl plen - -;…
;...;...;PUNCT;;;;;;;;;;PUNCT;;;
;проблем;ѕ–ќЅЋ≈ћј;S f inan gen pl;;;много таких ... _проблем_ , которые легко;м;е;л;б;о;р;S;ѕ–ќЅЋ≈ћј;S f inan gen pl;ј
;,;,;PUNCT;;;;;;;;;;PUNCT;;;
;которые; ќ“ќ–џ…;APRO - nom pl plen - -;;;... проблем , _которые_ легко решались .;е;ы;р;о;т;о;APRO; ќ“ќ–џ…;A - nom pl plen - -;…
;легко;Ћ≈√ ќ;PRAEDIC;;;проблем , которые _легко_ решались . ;о;к;г;е;л;;PRAEDIC;Ћ≈√ ќ;ADV -;ќ
;решались;–≈Ўј“№—я;V ipf praet pl indic - -;;;, которые легко _решались_ .  ;ь;с;и;л;а;ш;V;–≈Ўј“№—я;V ipf praet pl indic - -;я
;.;.;PUNCT;;;;;;;;;;PUNCT;;;
;;;;;;;;;;;;;;;;
# sent = 2482;;;;;;;;;;;;;;;;
;Ќу;Ќ”;PART;;;.   _Ќу_ , в общем;у;н;;;;;PART;Ќ”;PART;”
;,;,;PUNCT;;;;;;;;;;PUNCT;;;
;в;¬;PR;;; Ќу , _в_ общем , очень;в;;;;;;PR;¬;PR;¬
;общем;ќЅў»…;A - loc sg plen m -;;;Ќу , в _общем_ , очень хорошо;м;е;щ;б;о;;A;ќЅў»…;A - loc sg plen m -;…
;,;,;PUNCT;;;;;;;;;;PUNCT;;;
;очень;ќ„≈Ќ№;ADV -;;;в общем , _очень_ хорошо ... ;ь;н;е;ч;о;;ADV;ќ„≈Ќ№;ADV -;№
;хорошо;’ќ–ќЎќ;ADV -;;;общем , очень _хорошо_ ...  ;о;ш;о;р;о;х;ADV;’ќ–ќЎќ;ADV -;ќ
;...;...;PUNCT;;;;;;;;;;PUNCT;;;
;;;;;;;;;;;;;;;;
# sent = 2483;;;;;;;;;;;;;;;;
# speaker = я;;;;;;;;;;;;;;;;
# sent = 2484;;;;;;;;;;;;;;;;
;”;”;PR;;;   _”_ нас всего две;у;;;;;;PR;”;PR;”
;нас;ћџ;SPRO pl 1p - loc;;;  ” _нас_ всего две минуты;с;а;н;;;;SPRO;ћџ;SPRO pl 1p - loc;џ
;всего;¬—≈√ќ;PART;;; ” нас _всего_ две минуты ,;о;г;е;с;в;;PART;¬—≈√ќ;PART;ќ
;две;ƒ¬ј;NUM nom f -;;;” нас всего _две_ минуты , давай;е;в;д;;;;NUM;ƒ¬ј;NUM nom f -;ј
;минуты;ћ»Ќ”“ј;S f inan gen sg;;;нас всего две _минуты_ , давай еще;ы;т;у;н;и;м;S;ћ»Ќ”“ј;S f inan gen sg;ј
;,;,;PUNCT;;;;;;;;;;PUNCT;;;
;давай;ƒј¬ј“№;V ipf - sg imper - 2p;;;две минуты , _давай_ еще три .;й;а;в;а;д;;V;ƒј¬ј“№;V ipf - sg imper - 2p;№
;еще;≈ў≈;ADV -;;;минуты , давай _еще_ три . ;е;щ;е;;;;ADV;≈ў≈;ADV -;≈
;три;“–»;NUM nom - -;;;, давай еще _три_ .  ;и;р;т;;;;NUM;“–»;NUM nom - -;»
;.;.;PUNCT;;;;;;;;;;PUNCT;;;
;;;;;;;;;;;;;;;;
# sent = 2485;;;;;;;;;;;;;;;;
# speaker = јнтон;;;;;;;;;;;;;;;;
# sent = 2486;;;;;;;;;;;;;;;;
;“ри;“–»;NUM nom - -;;;   _“ри_ минуты ... ;и;р;т;;;;NUM;“–»;NUM nom - -;»
;минуты;ћ»Ќ”“ј;S f inan gen sg;;;  “ри _минуты_ ...  ;ы;т;у;н;и;м;S;ћ»Ќ”“ј;S f inan gen sg;ј
;...;...;PUNCT;;;;;;;;;;PUNCT;;;
;;;;;;;;;;;;;;;;
# sent = 2487;;;;;;;;;;;;;;;;
# speaker = я;;;;;;;;;;;;;;;;
# sent = 2488;;;;;;;;;;;;;;;;
;≈щЄ;≈ў≈;ADV -;;;   _≈щЄ_ три момента каких-нибудь;Є;щ;е;;;;ADV;≈ў≈;ADV -;≈
;три;“–»;NUM nom - -;;;  ≈щЄ _три_ момента каких-нибудь ,;и;р;т;;;;NUM;“–»;NUM nom - -;»
;момента;ћќћ≈Ќ“;S m inan gen sg;;; ≈щЄ три _момента_ каких-нибудь , ещЄ;а;т;н;е;м;о;S;ћќћ≈Ќ“;S m inan gen sg;“
;каких-нибудь; ј ќ…-Ќ»Ѕ”ƒ№;APRO - gen pl plen - -;;;≈щЄ три момента _каких-нибудь_ , ещЄ три;ь;д;у;б;и;н;APRO; ј ќ…-Ќ»Ѕ”ƒ№;A - gen pl plen - -;№
;,;,;PUNCT;;;;;;;;;;PUNCT;;;
;ещЄ;≈ў≈;ADV -;;;момента каких-нибудь , _ещЄ_ три минуты .;Є;щ;е;;;;ADV;≈ў≈;ADV -;≈
;три;“–»;NUM nom - -;;;каких-нибудь , ещЄ _три_ минуты . ;и;р;т;;;;NUM;“–»;NUM nom - -;»
;минуты;ћ»Ќ”“ј;S f inan gen sg;;;, ещЄ три _минуты_ .  ;ы;т;у;н;и;м;S;ћ»Ќ”“ј;S f inan gen sg;ј
;.;.;PUNCT;;;;;;;;;;PUNCT;;;
;;;;;;;;;;;;;;;;
# sent = 2489;;;;;;;;;;;;;;;;
# speaker = јнтон;;;;;;;;;;;;;;;;
# sent = 2490;;;;;;;;;;;;;;;;
;Ќу;Ќ”;PART;;;   _Ќу_ , могу рассказать;у;н;;;;;PART;Ќ”;PART;”
;,;,;PUNCT;;;;;;;;;;PUNCT;;;
;могу;ћќ„№;V ipf praes sg indic - 1p;;; Ќу , _могу_ рассказать про то;у;г;о;м;;;V;ћќ„№;V ipf praes sg indic - 1p;№
;рассказать;–ј—— ј«ј“№;V pf - - inf - -;;;Ќу , могу _рассказать_ про то как;ь;т;а;з;а;к;V;–ј—— ј«ј“№;V pf - - inf - -;№
;про;ѕ–ќ;PR;;;, могу рассказать _про_ то как €;о;р;п;;;;PR;ѕ–ќ;PR;ќ
;то;“ќ;SPRO n - acc sg;;;могу рассказать про _то_ как € жил;о;т;;;;;SPRO;“ќ;S n - acc sg;ќ
;как; ј ;CONJ;;;рассказать про то _как_ € жил в;к;а;к;;;;CONJ; ј ;CONJ; 
;€;я;SPRO sg 1p - nom;;;про то как _€_ жил в разных;€;;;;;;SPRO;я;SPRO sg 1p - nom;я
;жил;∆»“№;V ipf praet sg indic m -;;;то как € _жил_ в разных городах;л;и;ж;;;;V;∆»“№;V ipf praet sg indic m -;№
;в;¬;PR;;;как € жил _в_ разных городах ...;в;;;;;;PR;¬;PR;¬
;разных;–ј«Ќџ…;A - loc pl plen - -;;;€ жил в _разных_ городах ... ;х;ы;н;з;а;р;A;–ј«Ќџ…;A - loc pl plen - -;…
;городах;√ќ–ќƒ;S m inan loc pl;;;жил в разных _городах_ ...  ;х;а;д;о;р;о;S;√ќ–ќƒ;S m inan loc pl;ƒ
;...;...;PUNCT;;;;;;;;;;PUNCT;;;
;;;;;;;;;;;;;;;;
# sent = 2491;;;;;;;;;;;;;;;;
# speaker = я;;;;;;;;;;;;;;;;
# sent = 2492;;;;;;;;;;;;;;;;
;–асскажи;–ј—— ј«ј“№;V pf - sg imper - 2p;;;   _–асскажи_ , расскажи ,;и;ж;а;к;с;с;V;–ј—— ј«ј“№;V pf - sg imper - 2p;№
;,;,;PUNCT;;;;;;;;;;PUNCT;;;
;расскажи;–ј—— ј«ј“№;V pf - sg imper - 2p;;; –асскажи , _расскажи_ , там ,;и;ж;а;к;с;с;V;–ј—— ј«ј“№;V pf - sg imper - 2p;№
;,;,;PUNCT;;;;;;;;;;PUNCT;;;
;там;“јћ;PART;;;, расскажи , _там_ , детство в;м;а;т;;;;ADV;“јћ;ADV -;ћ
;,;,;PUNCT;;;;;;;;;;PUNCT;;;
;детство;ƒ≈“—“¬ќ;S n inan nom sg;;;, там , _детство_ в своем родном;о;в;т;с;т;е;S;ƒ≈“—“¬ќ;S n inan nom sg;ќ
;в;¬;PR;;;там , детство _в_ своем родном ...;в;;;;;;PR;¬;PR;¬
;своем;—¬ќ…;APRO - loc sg plen m -;;;, детство в _своем_ родном ... ;м;е;о;в;с;;APRO;—¬ќ…;A - loc sg plen m -;…
;родном;–ќƒЌќ…;A - loc sg plen m -;;;детство в своем _родном_ ...  ;м;о;н;д;о;р;A;–ќƒЌќ…;A - loc sg plen m -;…
;...;...;PUNCT;;;;;;;;;;PUNCT;;;
;;;;;;;;;;;;;;;;
# sent = 2493;;;;;;;;;;;;;;;;
# speaker = јнтон;;;;;;;;;;;;;;;;
# sent = 2494;;;;;;;;;;;;;;;;
;≈сть;Ѕџ“№;V ipf praes sg indic - 3p;;;   _≈сть_ , ну ...;ь;т;с;е;;;V;Ѕџ“№;V ipf praes sg indic - 3p;№
;,;,;PUNCT;;;;;;;;;;PUNCT;;;
;ну;Ќ”;PART;;; ≈сть , _ну_ ...  ;у;н;;;;;PART;Ќ”;PART;”
;...;...;PUNCT;;;;;;;;;;PUNCT;;;
;;;;;;;;;;;;;;;;
# sent = 2495;;;;;;;;;;;;;;;;
;я;я;SPRO sg 1p - nom;;;...   _я_ просто вспоминаю тот;€;;;;;;SPRO;я;SPRO sg 1p - nom;я
;просто;ѕ–ќ—“ќ;PART;;;  я _просто_ вспоминаю тот момент;о;т;с;о;р;п;PART;ѕ–ќ—“ќ;PART;ќ
;вспоминаю;¬—ѕќћ»Ќј“№;V ipf praes sg indic - 1p;;; я просто _вспоминаю_ тот момент ,;ю;а;н;и;м;о;V;¬—ѕќћ»Ќј“№;V ipf praes sg indic - 1p;№
;тот;“ќ“;APRO - nom sg plen m -;;;я просто вспоминаю _тот_ момент , когда;т;о;т;;;;APRO;“ќ“;A - nom sg plen m -;“
;момент;ћќћ≈Ќ“;S m inan nom sg;;;просто вспоминаю тот _момент_ , когда €;т;н;е;м;о;м;S;ћќћ≈Ќ“;S m inan nom sg;“
;,;,;PUNCT;;;;;;;;;;PUNCT;;;
;когда; ќ√ƒј;CONJ;;;тот момент , _когда_ € переезжал из;а;д;г;о;к;;CONJ; ќ√ƒј;CONJ;ј
;€;я;SPRO sg 1p - nom;;;момент , когда _€_ переезжал из маленького;€;;;;;;SPRO;я;SPRO sg 1p - nom;я
;переезжал;ѕ≈–≈≈«∆ј“№;V ipf praet sg indic m -;;;, когда € _переезжал_ из маленького города;л;а;ж;з;е;е;V;ѕ≈–≈≈«∆ј“№;V ipf praet sg indic m -;№
;из;»«;PR;;;когда € переезжал _из_ маленького города в;з;и;;;;;PR;»«;PR;«
;маленького;ћјЋ≈Ќ№ »…;A - gen sg plen m -;;;€ переезжал из _маленького_ города в большие;о;г;о;к;ь;н;A;ћјЋ≈Ќ№ »…;A - gen sg plen m -;…
;города;√ќ–ќƒ;S m inan gen sg;;;переезжал из маленького _города_ в большие ,;а;д;о;р;о;г;S;√ќ–ќƒ;S m inan gen sg;ƒ
;в;¬;PR;;;из маленького города _в_ большие , ну;в;;;;;;PR;¬;PR;¬
;большие;ЅќЋ№Ўќ…;A - acc pl plen - inan;;;маленького города в _большие_ , ну ,;е;и;ш;ь;л;о;A;ЅќЋ№Ўќ…;A - acc pl plen - inan;…
;,;,;PUNCT;;;;;;;;;;PUNCT;;;
;ну;Ќ”;PART;;;в большие , _ну_ , из маленького;у;н;;;;;PART;Ќ”;PART;”
;,;,;PUNCT;;;;;;;;;;PUNCT;;;
;из;»«;PR;;;, ну , _из_ маленького города в;з;и;;;;;PR;»«;PR;«
;маленького;ћјЋ≈Ќ№ »…;A - gen sg plen m -;;;ну , из _маленького_ города в большой;о;г;о;к;ь;н;A;ћјЋ≈Ќ№ »…;A - gen sg plen m -;…
;города;√ќ–ќƒ;S m inan gen sg;;;, из маленького _города_ в большой ,;а;д;о;р;о;г;S;√ќ–ќƒ;S m inan gen sg;ƒ
;в;¬;PR;;;из маленького города _в_ большой , там;в;;;;;;PR;¬;PR;¬
;большой;ЅќЋ№Ўќ…;A - acc sg plen m inan;;;маленького города в _большой_ , там ,;й;о;ш;ь;л;о;A;ЅќЋ№Ўќ…;A - acc sg plen m inan;…
;,;,;PUNCT;;;;;;;;;;PUNCT;;;
;там;“јћ;ADV -;;;в большой , _там_ , соответственно ,;м;а;т;;;;ADV;“јћ;ADV -;ћ
;,;,;PUNCT;;;;;;;;;;PUNCT;;;
;соответственно;—ќќ“¬≈“—“¬≈ЌЌќ;PARENTH;;;, там , _соответственно_ , несколько городов;о;н;н;е;в;т;ADV;—ќќ“¬≈“—“¬≈ЌЌќ;ADV -;ќ
;,;,;PUNCT;;;;;;;;;;PUNCT;;;
;несколько;Ќ≈— ќЋ№ ќ;NUM - - -;;;, соответственно , _несколько_ городов же помен€л;о;к;ь;л;о;к;NUM;Ќ≈— ќЋ№ ќ;NUM - - -;ќ
;городов;√ќ–ќƒ;S m inan gen pl;;;соответственно , несколько _городов_ же помен€л ,;в;о;д;о;р;о;S;√ќ–ќƒ;S m inan gen pl;ƒ
;же;∆≈;CONJ;;;, несколько городов _же_ помен€л , и;е;ж;;;;;CONJ;∆≈;CONJ;≈
;помен€л;ѕќћ≈Ќя“№;V pf praet sg indic m -;;;несколько городов же _помен€л_ , и ,;л;€;н;е;м;о;V;ѕќћ≈Ќя“№;V pf praet sg indic m -;№
;,;,;PUNCT;;;;;;;;;;PUNCT;;;
;и;»;CONJ;;;же помен€л , _и_ , когда ты;и;;;;;;CONJ;»;CONJ;»
;,;,;PUNCT;;;;;;;;;;PUNCT;;;
;когда; ќ√ƒј;CONJ;;;, и , _когда_ ты переезжаешь из;а;д;г;о;к;;CONJ; ќ√ƒј;CONJ;ј
;ты;“џ;SPRO sg 2p - nom;;;и , когда _ты_ переезжаешь из маленького;ы;т;;;;;SPRO;“џ;SPRO sg 2p - nom;џ
;переезжаешь;ѕ≈–≈≈«∆ј“№;V ipf praes sg indic - 2p;;;, когда ты _переезжаешь_ из маленького города;ь;ш;е;а;ж;з;V;ѕ≈–≈≈«∆ј“№;V ipf praes sg indic - 2p;№
;из;»«;PR;;;когда ты переезжаешь _из_ маленького города в;з;и;;;;;PR;»«;PR;«
;маленького;ћјЋ≈Ќ№ »…;A - gen sg plen m -;;;ты переезжаешь из _маленького_ города в большой;о;г;о;к;ь;н;A;ћјЋ≈Ќ№ »…;A - gen sg plen m -;…
;города;√ќ–ќƒ;S m inan gen sg;;;переезжаешь из маленького _города_ в большой ,;а;д;о;р;о;г;S;√ќ–ќƒ;S m inan gen sg;ƒ
;в;¬;PR;;;из маленького города _в_ большой , тебе;в;;;;;;PR;¬;PR;¬
;большой;ЅќЋ№Ўќ…;A - gen sg plen f -;;;маленького города в _большой_ , тебе очень;й;о;ш;ь;л;о;A;ЅќЋ№Ўќ…;A - gen sg plen f -;…
;,;,;PUNCT;;;;;;;;;;PUNCT;;;
;тебе;“џ;SPRO sg 2p - dat;;;в большой , _тебе_ очень непри€тно от;е;б;е;т;;;SPRO;“џ;SPRO sg 2p - dat;џ
;очень;ќ„≈Ќ№;ADV -;;;большой , тебе _очень_ непри€тно от того;ь;н;е;ч;о;;ADV;ќ„≈Ќ№;ADV -;№
;непри€тно;Ќ≈ѕ–»я“Ќќ;ADV -;;;, тебе очень _непри€тно_ от того ощущени€;о;н;т;€;и;р;ADV;Ќ≈ѕ–»я“Ќќ;ADV -;ќ
;от;ќ“;PR;;;тебе очень непри€тно _от_ того ощущени€ ,;т;о;;;;;PR;ќ“;PR;“
;того;“ќ“;APRO - gen sg plen n anim;;;очень непри€тно от _того_ ощущени€ , что;о;г;о;т;;;APRO;“ќ“;A - acc sg plen m anim;“
;ощущени€;ќў”ў≈Ќ»≈;S n inan gen sg;;;непри€тно от того _ощущени€_ , что у;€;и;н;е;щ;у;S;ќў”ў≈Ќ»≈;S n inan gen sg;≈
;,;,;PUNCT;;;;;;;;;;PUNCT;;;
;что;„“ќ;CONJ;;;того ощущени€ , _что_ у теб€ здесь;о;т;ч;;;;CONJ;„“ќ;CONJ;ќ
;у;”;PR;;;ощущени€ , что _у_ теб€ здесь вс€;у;;;;;;PR;”;PR;”
;теб€;“џ;SPRO sg 2p - acc;;;, что у _теб€_ здесь вс€ компани€;€;б;е;т;;;SPRO;“џ;SPRO sg 2p - acc;џ
;здесь;«ƒ≈—№;ADV -;;;что у теб€ _здесь_ вс€ компани€ ,;ь;с;е;д;з;;ADV;«ƒ≈—№;ADV -;№
;вс€;¬≈—№;APRO - nom sg plen f -;;;у теб€ здесь _вс€_ компани€ , все;€;с;в;;;;APRO;¬≈—№;A - nom sg plen f -;№
;компани€; ќћѕјЌ»я;S f inan nom sg;;;теб€ здесь вс€ _компани€_ , все друзь€;€;и;н;а;п;м;S; ќћѕјЌ»я;S f inan nom sg;я
;,;,;PUNCT;;;;;;;;;;PUNCT;;;
;все;¬≈—№;APRO - nom pl plen - -;;;вс€ компани€ , _все_ друзь€ , и;е;с;в;;;;APRO;¬≈—№;A - nom pl plen - -;№
;друзь€;ƒ–”√;S m anim nom pl;;;компани€ , все _друзь€_ , и ты;€;ь;з;у;р;д;S;ƒ–”√;S m anim nom pl;√
;,;,;PUNCT;;;;;;;;;;PUNCT;;;
;и;»;CONJ;;;все друзь€ , _и_ ты не можешь;и;;;;;;CONJ;»;CONJ;»
;ты;“џ;SPRO sg 2p - nom;;;друзь€ , и _ты_ не можешь их;ы;т;;;;;SPRO;“џ;SPRO sg 2p - nom;џ
;не;Ќ≈;PART;;;, и ты _не_ можешь их с;е;н;;;;;PART;Ќ≈;PART;≈
;можешь;ћќ„№;V ipf praes sg indic - 2p;;;и ты не _можешь_ их с собой;ь;ш;е;ж;о;м;V;ћќ„№;V ipf praes sg indic - 2p;№
;их;ќЌ»;SPRO pl - - acc;;;ты не можешь _их_ с собой забрать;х;и;;;;;SPRO;ќЌ»;SPRO pl - - acc;»
;с;—;PR;;;не можешь их _с_ собой забрать ,;с;;;;;;PR;—;PR;—
;собой;—≈Ѕя;SPRO - - - ins;;;можешь их с _собой_ забрать , и;й;о;б;о;с;;SPRO;—≈Ѕя;SPRO - - - ins;я
;забрать;«јЅ–ј“№;V pf - - inf - -;;;их с собой _забрать_ , и тебе;ь;т;а;р;б;а;V;«јЅ–ј“№;V pf - - inf - -;№
;,;,;PUNCT;;;;;;;;;;PUNCT;;;
;и;»;CONJ;;;собой забрать , _и_ тебе очень грустно;и;;;;;;CONJ;»;CONJ;»
;тебе;“џ;SPRO sg 2p - dat;;;забрать , и _тебе_ очень грустно .;е;б;е;т;;;SPRO;“џ;SPRO sg 2p - dat;џ
;очень;ќ„≈Ќ№;ADV -;;;, и тебе _очень_ грустно . ;ь;н;е;ч;о;;ADV;ќ„≈Ќ№;ADV -;№
;грустно;√–”—“Ќќ;PRAEDIC;;;и тебе очень _грустно_ .  ;о;н;т;с;у;р;PRAEDIC;√–”—“Ќќ;ADV -;ќ
;.;.;PUNCT;;;;;;;;;;PUNCT;;;
;;;;;;;;;;;;;;;;
# sent = 2496;;;;;;;;;;;;;;;;
;Ќо;Ќќ;CONJ;;;.   _Ќо_ потом , когда;о;н;;;;;CONJ;Ќќ;CONJ;ќ
;потом;ѕќ“ќћ;ADV -;;;  Ќо _потом_ , когда ты;м;о;т;о;п;;ADV;ѕќ“ќћ;ADV -;ћ
;,;,;PUNCT;;;;;;;;;;PUNCT;;;
;когда; ќ√ƒј;CONJ;;;Ќо потом , _когда_ ты уже прилетаешь;а;д;г;о;к;;CONJ; ќ√ƒј;CONJ;ј
;ты;“џ;SPRO sg 2p - nom;;;потом , когда _ты_ уже прилетаешь ,;ы;т;;;;;SPRO;“џ;SPRO sg 2p - nom;џ
;уже;”∆≈;ADV -;;;, когда ты _уже_ прилетаешь , вот;е;ж;у;;;;ADV;”∆≈;ADV -;≈
;прилетаешь;ѕ–»Ћ≈“ј“№;V ipf praes sg indic - 2p;;;когда ты уже _прилетаешь_ , вот ,;ь;ш;е;а;т;е;V;ѕ–»Ћ≈“ј“№;V ipf praes sg indic - 2p;№
;,;,;PUNCT;;;;;;;;;;PUNCT;;;
;вот;¬ќ“;PART;;;уже прилетаешь , _вот_ , в новую;т;о;в;;;;PART;¬ќ“;PART;“
;,;,;PUNCT;;;;;;;;;;PUNCT;;;
;в;¬;PR;;;, вот , _в_ новую квартиру ,;в;;;;;;PR;¬;PR;¬
;новую;Ќќ¬џ…;A - acc sg plen f -;;;вот , в _новую_ квартиру , в;ю;у;в;о;н;;A;Ќќ¬џ…;A - acc sg plen f -;…
;квартиру; ¬ј–“»–ј;S f inan acc sg;;;, в новую _квартиру_ , в новый;у;р;и;т;р;а;S; ¬ј–“»–ј;S f inan acc sg;ј
;,;,;PUNCT;;;;;;;;;;PUNCT;;;
;в;¬;PR;;;новую квартиру , _в_ новый город ,;в;;;;;;PR;¬;PR;¬
;новый;Ќќ¬џ…;A - acc sg plen m inan;;;квартиру , в _новый_ город , тебе;й;ы;в;о;н;;A;Ќќ¬џ…;A - acc sg plen m inan;…
;город;√ќ–ќƒ;S m inan acc sg;;;, в новый _город_ , тебе первое;д;о;р;о;г;;S;√ќ–ќƒ;S m inan acc sg;ƒ
;,;,;PUNCT;;;;;;;;;;PUNCT;;;
;тебе;“џ;SPRO sg 2p - dat;;;новый город , _тебе_ первое , ну;е;б;е;т;;;SPRO;“џ;SPRO sg 2p - dat;џ
;первое;ѕ≈–¬џ…;ANUM - acc sg plen n -;;;город , тебе _первое_ , ну ,;е;о;в;р;е;п;A;ѕ≈–¬џ…;A - acc sg plen n -;…
;,;,;PUNCT;;;;;;;;;;PUNCT;;;
;ну;Ќ”;PART;;;тебе первое , _ну_ , как ,;у;н;;;;;PART;Ќ”;PART;”
;,;,;PUNCT;;;;;;;;;;PUNCT;;;
;как; ј ;CONJ;;;, ну , _как_ , проезд от;к;а;к;;;;CONJ; ј ;CONJ; 
;,;,;PUNCT;;;;;;;;;;PUNCT;;;
;проезд;ѕ–ќ≈«ƒ;S m inan nom sg;;;, как , _проезд_ от аэропорта до;д;з;е;о;р;п;S;ѕ–ќ≈«ƒ;S m inan nom sg;ƒ
;от;ќ“;PR;;;как , проезд _от_ аэропорта до дома;т;о;;;;;PR;ќ“;PR;“
;аэропорта;јЁ–ќѕќ–“;S m inan gen sg;;;, проезд от _аэропорта_ до дома -;а;т;р;о;п;о;S;јЁ–ќѕќ–“;S m inan gen sg;“
;до;ƒќ;PR;;;проезд от аэропорта _до_ дома - это;о;д;;;;;PR;ƒќ;PR;ќ
;дома;ƒќћ;S m inan gen sg;;;от аэропорта до _дома_ - это ,;а;м;о;д;;;S;ƒќћ;S m inan gen sg;ћ
;-;-;PUNCT;;;;;;;;;;PUNCT;;;
;это;Ё“ќ;SPRO n - nom sg;;;до дома - _это_ , наверное ,;о;т;э;;;;SPRO;Ё“ќ;S n - nom sg;ќ
;,;,;PUNCT;;;;;;;;;;PUNCT;;;
;наверное;Ќј¬≈–Ќќ≈;ADV -;;;- это , _наверное_ , самое страшное;е;о;н;р;е;в;ADV;Ќј¬≈–Ќќ≈;ADV -;≈
;,;,;PUNCT;;;;;;;;;;PUNCT;;;
;самое;—јћџ…;A - nom sg plen n -;;;, наверное , _самое_ страшное , что;е;о;м;а;с;;A;—јћџ…;A - nom sg plen n -;…
;страшное;—“–јЎЌџ…;A - nom sg plen n -;;;наверное , самое _страшное_ , что может;е;о;н;ш;а;р;A;—“–јЎЌџ…;A - nom sg plen n -;…
;,;,;PUNCT;;;;;;;;;;PUNCT;;;
;что;„“ќ;CONJ;;;самое страшное , _что_ может быть .;о;т;ч;;;;CONJ;„“ќ;CONJ;ќ
;может;ћќ„№;V ipf praes sg indic - 3p;;;страшное , что _может_ быть . ;т;е;ж;о;м;;V;ћќ„№;V ipf praes sg indic - 3p;№
;быть;Ѕџ“№;V ipf - - inf - -;;;, что может _быть_ .  ;ь;т;ы;б;;;V;Ѕџ“№;V ipf - - inf - -;№
;.;.;PUNCT;;;;;;;;;;PUNCT;;;
;;;;;;;;;;;;;;;;
# sent = 2497;;;;;;;;;;;;;;;;
;ѕотом;ѕќ“ќћ;ADV -;;;.   _ѕотом_ , получаетс€ ,;м;о;т;о;п;;ADV;ѕќ“ќћ;ADV -;ћ
;,;,;PUNCT;;;;;;;;;;PUNCT;;;
;получаетс€;ѕќЋ”„ј“№—я;V ipf praes sg indic - 3p;;; ѕотом , _получаетс€_ , следующий день;€;с;т;е;а;ч;V;ѕќЋ”„ј“№—я;V ipf praes sg indic - 3p;я
;,;,;PUNCT;;;;;;;;;;PUNCT;;;
;следующий;—Ћ≈ƒ”ёў»…;A - acc sg plen m inan;;;, получаетс€ , _следующий_ день , когда;й;и;щ;ю;у;д;A;—Ћ≈ƒ”ёў»…;A - acc sg plen m inan;…
;день;ƒ≈Ќ№;S m inan acc sg;;;получаетс€ , следующий _день_ , когда ты;ь;н;е;д;;;S;ƒ≈Ќ№;S m inan acc sg;№
;,;,;PUNCT;;;;;;;;;;PUNCT;;;
;когда; ќ√ƒј;CONJ;;;следующий день , _когда_ ты выходишь на;а;д;г;о;к;;CONJ; ќ√ƒј;CONJ;ј
;ты;“џ;SPRO sg 2p - nom;;;день , когда _ты_ выходишь на улицу;ы;т;;;;;SPRO;“џ;SPRO sg 2p - nom;џ
;выходишь;¬џ’ќƒ»“№;V ipf praes sg indic - 2p;;;, когда ты _выходишь_ на улицу и;ь;ш;и;д;о;х;V;¬џ’ќƒ»“№;V ipf praes sg indic - 2p;№
;на;Ќј;PR;;;когда ты выходишь _на_ улицу и пытаешьс€;а;н;;;;;PR;Ќј;PR;ј
;улицу;”Ћ»÷ј;S f inan acc sg;;;ты выходишь на _улицу_ и пытаешьс€ осмотретьс€;у;ц;и;л;у;;S;”Ћ»÷ј;S f inan acc sg;ј
;и;»;CONJ;;;выходишь на улицу _и_ пытаешьс€ осмотретьс€ ,;и;;;;;;CONJ;»;CONJ;»
;пытаешьс€;ѕџ“ј“№—я;V ipf praes sg indic - 2p;;;на улицу и _пытаешьс€_ осмотретьс€ , тебе;€;с;ь;ш;е;а;V;ѕџ“ј“№—я;V ipf praes sg indic - 2p;я
;осмотретьс€;ќ—ћќ“–≈“№—я;V pf - - inf - -;;;улицу и пытаешьс€ _осмотретьс€_ , тебе кажетс€;€;с;ь;т;е;р;V;ќ—ћќ“–≈“№—я;V pf - - inf - -;я
;,;,;PUNCT;;;;;;;;;;PUNCT;;;
;тебе;“џ;SPRO sg 2p - dat;;;пытаешьс€ осмотретьс€ , _тебе_ кажетс€ , что;е;б;е;т;;;SPRO;“џ;SPRO sg 2p - dat;џ
;кажетс€; ј«ј“№—я;V ipf praes sg indic - 3p;;;осмотретьс€ , тебе _кажетс€_ , что ты;€;с;т;е;ж;а;V; ј«ј“№—я;V ipf praes sg indic - 3p;я
;,;,;PUNCT;;;;;;;;;;PUNCT;;;
;что;„“ќ;CONJ;;;тебе кажетс€ , _что_ ты в каком-то;о;т;ч;;;;CONJ;„“ќ;CONJ;ќ
;ты;“џ;SPRO sg 2p - nom;;;кажетс€ , что _ты_ в каком-то сне;ы;т;;;;;SPRO;“џ;SPRO sg 2p - nom;џ
;в;¬;PR;;;, что ты _в_ каком-то сне ходишь;в;;;;;;PR;¬;PR;¬
;каком-то; ј ќ…-“ќ;APRO - loc sg plen m -;;;что ты в _каком-то_ сне ходишь ,;о;т;-;м;о;к;APRO; ј ќ…-“ќ;A - loc sg plen m -;ќ
;сне;—ќЌ;S m inan loc sg;;;ты в каком-то _сне_ ходишь , и;е;н;с;;;;S;—ќЌ;S m inan loc sg;Ќ
;ходишь;’ќƒ»“№;V ipf praes sg indic - 2p;;;в каком-то сне _ходишь_ , и первые;ь;ш;и;д;о;х;V;’ќƒ»“№;V ipf praes sg indic - 2p;№
;,;,;PUNCT;;;;;;;;;;PUNCT;;;
;и;»;CONJ;;;сне ходишь , _и_ первые , не;и;;;;;;CONJ;»;CONJ;»
;первые;ѕ≈–¬џ…;ANUM - nom pl plen - -;;;ходишь , и _первые_ , не знаю;е;ы;в;р;е;п;A;ѕ≈–¬џ…;A - nom pl plen - -;…
;,;,;PUNCT;;;;;;;;;;PUNCT;;;
;не;Ќ≈;PART;;;и первые , _не_ знаю , три;е;н;;;;;PART;Ќ≈;PART;≈
;знаю;«Ќј“№;V ipf praes sg indic - 1p;;;первые , не _знаю_ , три мес€ца;ю;а;н;з;;;V;«Ќј“№;V ipf praes sg indic - 1p;№
;,;,;PUNCT;;;;;;;;;;PUNCT;;;
;три;“–»;NUM nom - -;;;не знаю , _три_ мес€ца такое состо€ние;и;р;т;;;;NUM;“–»;NUM nom - -;»
;мес€ца;ћ≈—я÷;S m inan gen sg;;;знаю , три _мес€ца_ такое состо€ние .;а;ц;€;с;е;м;S;ћ≈—я÷;S m inan gen sg;÷
;такое;“ј ќ…;APRO - nom sg plen n -;;;, три мес€ца _такое_ состо€ние . ;е;о;к;а;т;;APRO;“ј ќ…;A - nom sg plen n -;…
;состо€ние;—ќ—“ќяЌ»≈;S n inan nom sg;;;три мес€ца такое _состо€ние_ .  ;е;и;н;€;о;т;S;—ќ—“ќяЌ»≈;S n inan nom sg;≈
;.;.;PUNCT;;;;;;;;;;PUNCT;;;
;;;;;;;;;;;;;;;;
# sent = 2498;;;;;;;;;;;;;;;;
;»;»;CONJ;;;.   _»_ ... потом ты;и;;;;;;CONJ;»;CONJ;»
;...;...;PUNCT;;;;;;;;;;PUNCT;;;
;потом;ѕќ“ќћ;ADV -;;; » ... _потом_ ты уже постепенно;м;о;т;о;п;;ADV;ѕќ“ќћ;ADV -;ћ
;ты;“џ;SPRO sg 2p - nom;;;» ... потом _ты_ уже постепенно осваиваешьс€;ы;т;;;;;SPRO;“џ;SPRO sg 2p - nom;џ
;уже;”∆≈;ADV -;;;... потом ты _уже_ постепенно осваиваешьс€ ,;е;ж;у;;;;ADV;”∆≈;ADV -;≈
;постепенно;ѕќ—“≈ѕ≈ЌЌќ;ADV -;;;потом ты уже _постепенно_ осваиваешьс€ , ну;о;н;н;е;п;е;ADV;ѕќ—“≈ѕ≈ЌЌќ;ADV -;ќ
;осваиваешьс€;ќ—¬ј»¬ј“№—я;V ipf praes sg indic - 2p;;;ты уже постепенно _осваиваешьс€_ , ну ,;€;с;ь;ш;е;а;V;ќ—¬ј»¬ј“№—я;V ipf praes sg indic - 2p;я
;,;,;PUNCT;;;;;;;;;;PUNCT;;;
;ну;Ќ”;PART;;;постепенно осваиваешьс€ , _ну_ , осваиваешьс€ ,;у;н;;;;;PART;Ќ”;PART;”
;,;,;PUNCT;;;;;;;;;;PUNCT;;;
;осваиваешьс€;ќ—¬ј»¬ј“№—я;V ipf praes sg indic - 2p;;;, ну , _осваиваешьс€_ , всЄ больше;€;с;ь;ш;е;а;V;ќ—¬ј»¬ј“№—я;V ipf praes sg indic - 2p;я
;,;,;PUNCT;;;;;;;;;;PUNCT;;;
;всЄ;¬—≈;ADV -;;;, осваиваешьс€ , _всЄ_ больше город узнаЄшь;Є;с;в;;;;ADV;¬—≈;ADV -;≈
;больше;ћЌќ√ќ;ADV comp;;;осваиваешьс€ , всЄ _больше_ город узнаЄшь ,;е;ш;ь;л;о;б;ADV;ћЌќ√ќ;ADV comp;ќ
;город;√ќ–ќƒ;S m inan acc sg;;;, всЄ больше _город_ узнаЄшь , там;д;о;р;о;г;;S;√ќ–ќƒ;S m inan acc sg;ƒ
;узнаЄшь;”«Ќј¬ј“№;V ipf praes sg indic - 2p;;;всЄ больше город _узнаЄшь_ , там ,;ь;ш;Є;а;н;з;V;”«Ќј¬ј“№;V ipf praes sg indic - 2p;№
;,;,;PUNCT;;;;;;;;;;PUNCT;;;
;там;“јћ;PART;;;город узнаЄшь , _там_ , район ,;м;а;т;;;;PART;“јћ;PART;ћ
;,;,;PUNCT;;;;;;;;;;PUNCT;;;
;район;–ј…ќЌ;S m inan nom sg;;;, там , _район_ , в котором;н;о;й;а;р;;S;–ј…ќЌ;S m inan nom sg;Ќ
;,;,;PUNCT;;;;;;;;;;PUNCT;;;
;в;¬;PR;;;, район , _в_ котором ты живЄшь;в;;;;;;PR;¬;PR;¬
;котором; ќ“ќ–џ…;APRO - loc sg plen m -;;;район , в _котором_ ты живЄшь ,;м;о;р;о;т;о;APRO; ќ“ќ–џ…;A - loc sg plen m -;…
;ты;“џ;SPRO sg 2p - nom;;;, в котором _ты_ живЄшь , и;ы;т;;;;;SPRO;“џ;SPRO sg 2p - nom;џ
;живЄшь;∆»“№;V ipf praes sg indic - 2p;;;в котором ты _живЄшь_ , и ...;ь;ш;Є;в;и;ж;V;∆»“№;V ipf praes sg indic - 2p;№
;,;,;PUNCT;;;;;;;;;;PUNCT;;;
;и;»;CONJ;;;ты живЄшь , _и_ ... очень интересно;и;;;;;;CONJ;»;CONJ;»
;...;...;PUNCT;;;;;;;;;;PUNCT;;;
;очень;ќ„≈Ќ№;ADV -;;;, и ... _очень_ интересно общатьс€ с;ь;н;е;ч;о;;ADV;ќ„≈Ќ№;ADV -;№
;интересно;»Ќ“≈–≈—Ќќ;ADV -;;;и ... очень _интересно_ общатьс€ с разными;о;н;с;е;р;е;ADV;»Ќ“≈–≈—Ќќ;ADV -;ќ
;общатьс€;ќЅўј“№—я;V ipf - - inf - -;;;... очень интересно _общатьс€_ с разными людьми;€;с;ь;т;а;щ;V;ќЅўј“№—я;V ipf - - inf - -;я
;с;—;PR;;;очень интересно общатьс€ _с_ разными людьми ,;с;;;;;;PR;—;PR;—
;разными;–ј«Ќџ…;A - ins pl plen - -;;;интересно общатьс€ с _разными_ людьми , у;и;м;ы;н;з;а;A;–ј«Ќџ…;A - ins pl plen - -;…
;людьми;„≈Ћќ¬≈ ;S m anim ins pl;;;общатьс€ с разными _людьми_ , у которых;и;м;ь;д;ю;л;S;„≈Ћќ¬≈ ;S m anim ins pl; 
;,;,;PUNCT;;;;;;;;;;PUNCT;;;
;у;”;PR;;;разными людьми , _у_ которых ... ну;у;;;;;;PR;”;PR;”
;которых; ќ“ќ–џ…;APRO - loc pl plen - -;;;людьми , у _которых_ ... ну ,;х;ы;р;о;т;о;APRO; ќ“ќ–џ…;A - loc pl plen - -;…
;...;...;PUNCT;;;;;;;;;;PUNCT;;;
;ну;Ќ”;PART;;;у которых ... _ну_ , разные менталитет;у;н;;;;;PART;Ќ”;PART;”
;,;,;PUNCT;;;;;;;;;;PUNCT;;;
;разные;–ј«Ќџ…;A - nom pl plen - -;;;... ну , _разные_ менталитет и культура;е;ы;н;з;а;р;A;–ј«Ќџ…;A - nom pl plen - -;…
;менталитет;ћ≈Ќ“јЋ»“≈“;S m inan nom sg;;;ну , разные _менталитет_ и культура речи;т;е;т;и;л;а;S;ћ≈Ќ“јЋ»“≈“;S m inan nom sg;“
;и;»;CONJ;;;, разные менталитет _и_ культура речи ,;и;;;;;;CONJ;»;CONJ;»
;культура; ”Ћ№“”–ј;S f inan nom sg;;;разные менталитет и _культура_ речи , и;а;р;у;т;ь;л;S; ”Ћ№“”–ј;S f inan nom sg;ј
;речи;–≈„№;S f inan gen sg;;;менталитет и культура _речи_ , и ...;и;ч;е;р;;;S;–≈„№;S f inan gen sg;№
;,;,;PUNCT;;;;;;;;;;PUNCT;;;
;и;»;CONJ;;;культура речи , _и_ ... по-другому они;и;;;;;;CONJ;»;CONJ;»
;...;...;PUNCT;;;;;;;;;;PUNCT;;;
;по-другому;ѕќ-ƒ–”√ќћ”;ADV -;;;, и ... _по-другому_ они друг с;у;м;о;г;у;р;ADV;ѕќ-ƒ–”√ќћ”;ADV -;”
;они;ќЌ»;SPRO pl - - nom;;;и ... по-другому _они_ друг с другом;и;н;о;;;;SPRO;ќЌ»;SPRO pl - - nom;»
;друг;ƒ–”√;S - - nom sg;;;... по-другому они _друг_ с другом коммуницируют;г;у;р;д;;;S;ƒ–”√;S - - nom sg;√
;с;—;PR;;;по-другому они друг _с_ другом коммуницируют ,;с;;;;;;PR;—;PR;—
;другом;ƒ–”√;S m anim ins sg;;;они друг с _другом_ коммуницируют , и;м;о;г;у;р;д;S;ƒ–”√;S m anim ins sg;√
;коммуницируют; ќћћ”Ќ»÷»–ќ¬ј“№;V ipf praes pl indic - 3p;;;друг с другом _коммуницируют_ , и ...;т;ю;у;р;и;ц;V; ќћћ”Ќ»÷»–ќ¬ј“№;V ipf praes pl indic - 3p;№
;,;,;PUNCT;;;;;;;;;;PUNCT;;;
;и;»;CONJ;;;другом коммуницируют , _и_ ... это очень;и;;;;;;CONJ;»;CONJ;»
;...;...;PUNCT;;;;;;;;;;PUNCT;;;
;это;Ё“ќ;SPRO n - nom sg;;;, и ... _это_ очень серьЄзный опыт;о;т;э;;;;SPRO;Ё“ќ;S n - nom sg;ќ
;очень;ќ„≈Ќ№;ADV -;;;и ... это _очень_ серьЄзный опыт .;ь;н;е;ч;о;;ADV;ќ„≈Ќ№;ADV -;№
;серьЄзный;—≈–№≈«Ќџ…;A - nom sg plen m -;;;... это очень _серьЄзный_ опыт . ;й;ы;н;з;Є;ь;A;—≈–№≈«Ќџ…;A - nom sg plen m -;…
;опыт;ќѕџ“;S m inan nom sg;;;это очень серьЄзный _опыт_ .  ;т;ы;п;о;;;S;ќѕџ“;S m inan nom sg;“
;.;.;PUNCT;;;;;;;;;;PUNCT;;;
;;;;;;;;;;;;;;;;
# sent = 2499;;;;;;;;;;;;;;;;
;Ќа;Ќј;PR;;;.   _Ќа_ самом деле ,;а;н;;;;;PR;Ќј;PR;ј
;самом;—јћџ…;A - loc sg plen n -;;;  Ќа _самом_ деле , это;м;о;м;а;с;;A;—јћџ…;A - loc sg plen n -;…
;деле;ƒ≈Ћќ;S n inan loc sg;;; Ќа самом _деле_ , это ,;е;л;е;д;;;S;ƒ≈Ћќ;S n inan loc sg;ќ
;,;,;PUNCT;;;;;;;;;;PUNCT;;;
;это;Ё“ќ“;SPRO n - nom sg;;;самом деле , _это_ , наверное ,;о;т;э;;;;SPRO;Ё“ќ“;A - acc sg plen n -;“
;,;,;PUNCT;;;;;;;;;;PUNCT;;;
;наверное;Ќј¬≈–Ќќ≈;ADV -;;;, это , _наверное_ , тоже один;е;о;н;р;е;в;ADV;Ќј¬≈–Ќќ≈;ADV -;≈
;,;,;PUNCT;;;;;;;;;;PUNCT;;;
;тоже;“ќ∆≈;PART;;;, наверное , _тоже_ один из моих;е;ж;о;т;;;PART;“ќ∆≈;PART;≈
;один;ќƒ»Ќ;ANUM - nom sg plen m -;;;наверное , тоже _один_ из моих счастливых;н;и;д;о;;;ANUM;ќƒ»Ќ;A - nom sg plen m -;Ќ
;из;»«;PR;;;, тоже один _из_ моих счастливых моментов;з;и;;;;;PR;»«;PR;«
;моих;ћќ…;APRO - gen pl plen - -;;;тоже один из _моих_ счастливых моментов ,;х;и;о;м;;;APRO;ћќ…;A - gen pl plen - -;…
;счастливых;—„ј—“Ћ»¬џ…;A - gen pl plen - -;;;один из моих _счастливых_ моментов , когда;х;ы;в;и;л;т;A;—„ј—“Ћ»¬џ…;A - gen pl plen - -;…
;моментов;ћќћ≈Ќ“;S m inan gen pl;;;из моих счастливых _моментов_ , когда €;в;о;т;н;е;м;S;ћќћ≈Ќ“;S m inan gen pl;“
;,;,;PUNCT;;;;;;;;;;PUNCT;;;
;когда; ќ√ƒј;CONJ;;;счастливых моментов , _когда_ € переезжал в;а;д;г;о;к;;CONJ; ќ√ƒј;CONJ;ј
;€;я;SPRO sg 1p - nom;;;моментов , когда _€_ переезжал в большие;€;;;;;;SPRO;я;SPRO sg 1p - nom;я
;переезжал;ѕ≈–≈≈«∆ј“№;V ipf praet sg indic m -;;;, когда € _переезжал_ в большие города;л;а;ж;з;е;е;V;ѕ≈–≈≈«∆ј“№;V ipf praet sg indic m -;№
;в;¬;PR;;;когда € переезжал _в_ большие города ,;в;;;;;;PR;¬;PR;¬
;большие;ЅќЋ№Ўќ…;A - acc pl plen - inan;;;€ переезжал в _большие_ города , допустим;е;и;ш;ь;л;о;A;ЅќЋ№Ўќ…;A - acc pl plen - inan;…
;города;√ќ–ќƒ;S m inan acc pl;;;переезжал в большие _города_ , допустим ,;а;д;о;р;о;г;S;√ќ–ќƒ;S m inan acc pl;ƒ
;,;,;PUNCT;;;;;;;;;;PUNCT;;;
;допустим;ƒќѕ”—“»“№;V pf - pl imper - 1p;;;большие города , _допустим_ , когда переехал;м;и;т;с;у;п;V;ƒќѕ”—“»“№;V pf - pl imper - 1p;№
;,;,;PUNCT;;;;;;;;;;PUNCT;;;
;когда; ќ√ƒј;CONJ;;;, допустим , _когда_ переехал в ћоскву;а;д;г;о;к;;CONJ; ќ√ƒј;CONJ;ј
;переехал;ѕ≈–≈≈’ј“№;V pf praet sg indic m -;;;допустим , когда _переехал_ в ћоскву ,;л;а;х;е;е;р;V;ѕ≈–≈≈’ј“№;V pf praet sg indic m -;№
;в;¬;PR;;;, когда переехал _в_ ћоскву , мне;в;;;;;;PR;¬;PR;¬
;ћоскву;ћќ— ¬ј;S f inan acc sg;;;когда переехал в _ћоскву_ , мне тут;у;в;к;с;о;м;S;ћќ— ¬ј;S f inan acc sg;ј
;,;,;PUNCT;;;;;;;;;;PUNCT;;;
;мне;я;SPRO sg 1p - dat;;;в ћоскву , _мне_ тут сначала было;е;н;м;;;;SPRO;я;SPRO sg 1p - dat;я
;тут;“”“;ADV -;;;ћоскву , мне _тут_ сначала было страшно;т;у;т;;;;ADV;“”“;ADV -;“
;сначала;—Ќј„јЋј;ADV -;;;, мне тут _сначала_ было страшно идти;а;л;а;ч;а;н;ADV;—Ќј„јЋј;ADV -;ј
;было;Ѕџ“№;V ipf praet sg indic n -;;;мне тут сначала _было_ страшно идти от;о;л;ы;б;;;V;Ѕџ“№;V ipf praet sg indic n -;№
;страшно;—“–јЎЌќ;ADV -;;;тут сначала было _страшно_ идти от школы;о;н;ш;а;р;т;ADV;—“–јЎЌќ;ADV -;ќ
;идти;»ƒ“»;V ipf - - inf - -;;;сначала было страшно _идти_ от школы .;и;т;д;и;;;V;»ƒ“»;V ipf - - inf - -;»
;от;ќ“;PR;;;было страшно идти _от_ школы . ;т;о;;;;;PR;ќ“;PR;“
;школы;Ў ќЋј;S f inan gen sg;;;страшно идти от _школы_ .  ;ы;л;о;к;ш;;S;Ў ќЋј;S f inan gen sg;ј
;.;.;PUNCT;;;;;;;;;;PUNCT;;;
;;;;;;;;;;;;;;;;
# sent = 2500;;;;;;;;;;;;;;;;
;«десь;«ƒ≈—№;ADV -;;;.   _«десь_ , ну ,;ь;с;е;д;з;;ADV;«ƒ≈—№;ADV -;№
;,;,;PUNCT;;;;;;;;;;PUNCT;;;
;ну;Ќ”;PART;;; «десь , _ну_ , как бы ,;у;н;;;;;PART;Ќ”;PART;”
;,;,;PUNCT;;;;;;;;;;PUNCT;;;
;как бы;как бы;PART;;;, ну , _как бы_ , € щас;ы;б; ;к;а;к;PART;как бы;ADV -;ы
;,;,;PUNCT;;;;;;;;;;PUNCT;;;
;€;я;SPRO sg 1p - nom;;;, как бы , _€_ щас знаю ,;€;;;;;;SPRO;я;SPRO sg 1p - nom;я
;щас;ўј—;ADV -;;;как бы , € _щас_ знаю , как;с;а;щ;;;;ADV;ўј—;ADV -;—
;знаю;«Ќј“№;V ipf praes sg indic - 1p;;;, € щас _знаю_ , как идти;ю;а;н;з;;;V;«Ќј“№;V ipf praes sg indic - 1p;№
;,;,;PUNCT;;;;;;;;;;PUNCT;;;
;как; ј ;CONJ;;;щас знаю , _как_ идти от школы;к;а;к;;;;CONJ; ј ;CONJ; 
;идти;»ƒ“»;V ipf - - inf - -;;;знаю , как _идти_ от школы до;и;т;д;и;;;V;»ƒ“»;V ipf - - inf - -;»
;от;ќ“;PR;;;, как идти _от_ школы до дома;т;о;;;;;PR;ќ“;PR;“
;школы;Ў ќЋј;S f inan gen sg;;;как идти от _школы_ до дома ,;ы;л;о;к;ш;;S;Ў ќЋј;S f inan gen sg;ј
;до;ƒќ;PR;;;идти от школы _до_ дома , и;о;д;;;;;PR;ƒќ;PR;ќ
;дома;ƒќћ;S m inan gen sg;;;от школы до _дома_ , и ...;а;м;о;д;;;S;ƒќћ;S m inan gen sg;ћ
;,;,;PUNCT;;;;;;;;;;PUNCT;;;
;и;»;CONJ;;;до дома , _и_ ... а €;и;;;;;;CONJ;»;CONJ;»
;...;...;PUNCT;;;;;;;;;;PUNCT;;;
;а;ј;CONJ;;;, и ... _а_ € , это;а;;;;;;CONJ;ј;CONJ;ј
;€;я;SPRO sg 1p - nom;;;и ... а _€_ , это ,;€;;;;;;SPRO;я;SPRO sg 1p - nom;я
;,;,;PUNCT;;;;;;;;;;PUNCT;;;
;это;Ё“ќ;SPRO n - nom sg;;;а € , _это_ , обошел на;о;т;э;;;;SPRO;Ё“ќ;S n - nom sg;ќ
;,;,;PUNCT;;;;;;;;;;PUNCT;;;
;обошел;ќЅќ…“»;V pf praet sg indic m -;;;, это , _обошел_ на это ,;л;е;ш;о;б;о;V;ќЅќ…“»;V pf praet sg indic m -;»
;на;Ќј;PR;;;это , обошел _на_ это , ну;а;н;;;;;PR;Ќј;PR;ј
;это;Ё“ќ;SPRO n - acc sg;;;, обошел на _это_ , ну ,;о;т;э;;;;SPRO;Ё“ќ;S n - acc sg;ќ
;,;,;PUNCT;;;;;;;;;;PUNCT;;;
;ну;Ќ”;PART;;;на это , _ну_ , где-то сделал;у;н;;;;;PART;Ќ”;PART;”
;,;,;PUNCT;;;;;;;;;;PUNCT;;;
;где-то;√ƒ≈-“ќ;ADV -;;;, ну , _где-то_ сделал крюк в;о;т;-;е;д;г;ADV;√ƒ≈-“ќ;ADV -;ќ
;сделал;—ƒ≈Ћј“№;V pf praet sg indic m -;;;ну , где-то _сделал_ крюк в п€ть;л;а;л;е;д;с;V;—ƒ≈Ћј“№;V pf praet sg indic m -;№
;крюк; –ё ;S m inan acc sg;;;, где-то сделал _крюк_ в п€ть километров;к;ю;р;к;;;S; –ё ;S m inan acc sg; 
;в;¬;PR;;;где-то сделал крюк _в_ п€ть километров и;в;;;;;;PR;¬;PR;¬
;п€ть;ѕя“№;NUM acc - -;;;сделал крюк в _п€ть_ километров и пошЄл;ь;т;€;п;;;NUM;ѕя“№;NUM acc - -;№
;километров; »Ћќћ≈“–;S m inan gen pl;;;крюк в п€ть _километров_ и пошЄл потом;в;о;р;т;е;м;S; »Ћќћ≈“–;S m inan gen pl;–
;и;»;CONJ;;;в п€ть километров _и_ пошЄл потом по;и;;;;;;CONJ;»;CONJ;»
;пошЄл;ѕќ…“»;V pf praet sg indic m -;;;п€ть километров и _пошЄл_ потом по тому;л;Є;ш;о;п;;V;ѕќ…“»;V pf praet sg indic m -;»
;потом;ѕќ“ќћ;ADV -;;;километров и пошЄл _потом_ по тому маршруту;м;о;т;о;п;;ADV;ѕќ“ќћ;ADV -;ћ
;по;ѕќ;PR;;;и пошЄл потом _по_ тому маршруту ,;о;п;;;;;PR;ѕќ;PR;ќ
;тому;“ќ“;APRO - dat sg plen m -;;;пошЄл потом по _тому_ маршруту , как;у;м;о;т;;;APRO;“ќ“;A - dat sg plen m -;“
;маршруту;ћј–Ў–”“;S m inan dat sg;;;потом по тому _маршруту_ , как мен€;у;т;у;р;ш;р;S;ћј–Ў–”“;S m inan dat sg;“
;,;,;PUNCT;;;;;;;;;;PUNCT;;;
;как; ј ;CONJ;;;тому маршруту , _как_ мен€ везли на;к;а;к;;;;CONJ; ј ;CONJ; 
;мен€;я;SPRO sg 1p - acc;;;маршруту , как _мен€_ везли на машине;€;н;е;м;;;SPRO;я;SPRO sg 1p - acc;я
;везли;¬≈«“»;V ipf praet pl indic - -;;;, как мен€ _везли_ на машине ,;и;л;з;е;в;;V;¬≈«“»;V ipf praet pl indic - -;»
;на;Ќј;PR;;;как мен€ везли _на_ машине , то есть;а;н;;;;;PR;Ќј;PR;ј
;машине;ћјЎ»Ќј;S f inan loc sg;;;мен€ везли на _машине_ , то есть ,;е;н;и;ш;а;м;S;ћјЎ»Ќј;S f inan loc sg;ј
;,;,;PUNCT;;;;;;;;;;PUNCT;;;
;то есть;то есть;CONJ;;;на машине , _то есть_ , ну ,;ь;т;с;е; ;о;CONJ;то есть;ADV -;ь
;,;,;PUNCT;;;;;;;;;;PUNCT;;;
;ну;Ќ”;PART;;;, то есть , _ну_ , бред .;у;н;;;;;PART;Ќ”;PART;”
;,;,;PUNCT;;;;;;;;;;PUNCT;;;
;бред;Ѕ–≈ƒ;S m inan acc sg;;;, ну , _бред_ . ѕо дворам;д;е;р;б;;;S;Ѕ–≈ƒ;S m inan acc sg;ƒ
;.;.;PUNCT;;;;;;;;;;PUNCT;;;
;ѕо;ѕќ;PR;;;, бред . _ѕо_ дворам € шЄл;о;п;;;;;PR;ѕќ;PR;ќ
;дворам;ƒ¬ќ–;S m inan dat pl;;;бред . ѕо _дворам_ € шЄл с;м;а;р;о;в;д;S;ƒ¬ќ–;S m inan dat pl;–
;€;я;SPRO sg 1p - nom;;;. ѕо дворам _€_ шЄл с опаской;€;;;;;;SPRO;я;SPRO sg 1p - nom;я
;шЄл;»ƒ“»;V ipf praet sg indic m -;;;ѕо дворам € _шЄл_ с опаской ,;л;Є;ш;;;;V;»ƒ“»;V ipf praet sg indic m -;»
;с;—;PR;;;дворам € шЄл _с_ опаской , птому;с;;;;;;PR;—;PR;—
;опаской;ќѕј— ј;S f inan ins sg;;;€ шЄл с _опаской_ , птому что;й;о;к;с;а;п;S;ќѕј— ј;S f inan ins sg;ј
;,;,;PUNCT;;;;;;;;;;PUNCT;;;
;птому;ѕ“ќћ;S m anim gen sg;;;с опаской , _птому_ что , там;у;м;о;т;п;;S;ѕ“ќћ;S m anim gen sg;ћ
;что;„“ќ;CONJ;;;опаской , птому _что_ , там ,;о;т;ч;;;;CONJ;„“ќ;CONJ;ќ
;,;,;PUNCT;;;;;;;;;;PUNCT;;;
;там;“јћ;ADV -;;;птому что , _там_ , после этих;м;а;т;;;;ADV;“јћ;ADV -;ћ
;,;,;PUNCT;;;;;;;;;;PUNCT;;;
;после;ѕќ—Ћ≈;PR;;;, там , _после_ этих »ркутсков вс€ких;е;л;с;о;п;;PR;ѕќ—Ћ≈;PR;≈
;этих;Ё“ќ“;APRO - gen pl plen - -;;;там , после _этих_ »ркутсков вс€ких ...;х;и;т;э;;;APRO;Ё“ќ“;A - gen pl plen - -;“
;»ркутсков;»– ”“— ;S m inan gen pl;;;, после этих _»ркутсков_ вс€ких ... очень;в;о;к;с;т;у;S;»– ”“— ;S m inan gen pl; 
;вс€ких;¬—я »…;A - loc pl plen - -;;;после этих »ркутсков _вс€ких_ ... очень было;х;и;к;€;с;в;A;¬—я »…;A - loc pl plen - -;…
;...;...;PUNCT;;;;;;;;;;PUNCT;;;
;очень;ќ„≈Ќ№;ADV -;;;»ркутсков вс€ких ... _очень_ было непри€тно ...;ь;н;е;ч;о;;ADV;ќ„≈Ќ№;ADV -;№
;было;Ѕџ“№;V ipf praet sg indic n -;;;вс€ких ... очень _было_ непри€тно ... ;о;л;ы;б;;;V;Ѕџ“№;V ipf praet sg indic n -;№
;непри€тно;Ќ≈ѕ–»я“Ќќ;ADV -;;;... очень было _непри€тно_ ...  ;о;н;т;€;и;р;ADV;Ќ≈ѕ–»я“Ќќ;ADV -;ќ
;...;...;PUNCT;;;;;;;;;;PUNCT;;;
;;;;;;;;;;;;;;;;
# sent = 2501;;;;;;;;;;;;;;;;
# speaker = я;;;;;;;;;;;;;;;;
# sent = 2502;;;;;;;;;;;;;;;;
;ѕон€тно;ѕќЌя“Ќќ;ADV -;;;   _ѕон€тно_ ...  ;о;н;т;€;н;о;ADV;ѕќЌя“Ќќ;ADV -;ќ
;...;...;PUNCT;;;;;;;;;;PUNCT;;;
;;;;;;;;;;;;;;;;
# sent = 2503;;;;;;;;;;;;;;;;
;≈щЄ;≈ў≈;ADV -;;;...   _≈щЄ_ че - нибудь;Є;щ;е;;;;ADV;≈ў≈;ADV -;≈
;че;„≈;SPRO n inan acc sg;distort;;  ≈щЄ _че_ - нибудь .;е;ч;;;;;SPRO;„≈;S n inan nonflex -;≈
;-;-;PUNCT;;;;;;;;;;PUNCT;;;
;нибудь;Ќ»Ѕ”ƒ№;ADV -;;;≈щЄ че - _нибудь_ .  ;ь;д;у;б;и;н;ADV;Ќ»Ѕ”ƒ№;ADV -;№
;.;.;PUNCT;;;;;;;;;;PUNCT;;;
;;;;;;;;;;;;;;;;
# sent = 2504;;;;;;;;;;;;;;;;
;“ы;“џ;SPRO sg 2p - nom;;;.   _“ы_ , типа ,;ы;т;;;;;SPRO;“џ;SPRO sg 2p - nom;џ
;,;,;PUNCT;;;;;;;;;;PUNCT;;;
;типа;“»ѕј;PART;;; “ы , _типа_ , а щас;а;п;и;т;;;PART;“»ѕј;PART;ј
;,;,;PUNCT;;;;;;;;;;PUNCT;;;
;а;ј;PART;;;, типа , _а_ щас как у;а;;;;;;PART;ј;PART;ј
;щас;ўј—;ADV -;distort;;типа , а _щас_ как у теб€;с;а;щ;;;;ADV;ўј—;ADV -;—
;как; ј ;ADV -;;;, а щас _как_ у теб€ вот;к;а;к;;;;ADV; ј ;ADV -; 
;у;”;PR;;;а щас как _у_ теб€ вот ..;у;;;;;;PR;”;PR;”
;теб€;“џ;SPRO sg 2p - acc;;;щас как у _теб€_ вот .. доволен;€;б;е;т;;;SPRO;“џ;SPRO sg 2p - acc;џ
;вот;¬ќ“;PART;;;как у теб€ _вот_ .. доволен ,;т;о;в;;;;PART;¬ќ“;PART;“
;..;..;PUNCT;;;;;;;;;;PUNCT;;;
;доволен;ƒќ¬ќЋ№Ќџ…;A - - sg brev m -;;;теб€ вот .. _доволен_ , что переехал;н;е;л;о;в;о;A;ƒќ¬ќЋ№Ќџ…;A - - sg brev m -;…
;,;,;PUNCT;;;;;;;;;;PUNCT;;;
;что;„“ќ;CONJ;;;.. доволен , _что_ переехал из »ркутска;о;т;ч;;;;CONJ;„“ќ;CONJ;ќ
;переехал;ѕ≈–≈≈’ј“№;V pf praet sg indic m -;;;доволен , что _переехал_ из »ркутска ?;л;а;х;е;е;р;V;ѕ≈–≈≈’ј“№;V pf praet sg indic m -;№
;из;»«;PR;;;, что переехал _из_ »ркутска ? ;з;и;;;;;PR;»«;PR;«
;»ркутска;»– ”“— ;S m inan gen sg;;;что переехал из _»ркутска_ ?  ;а;к;с;т;у;к;S;»– ”“— ;S m inan gen sg; 
;?;?;PUNCT;;;;;;;;;;PUNCT;;;
;;;;;;;;;;;;;;;;
# sent = 2505;;;;;;;;;;;;;;;;
# speaker = јнтон;;;;;;;;;;;;;;;;
# sent = 2506;;;;;;;;;;;;;;;;
;Ќу;Ќ”;PART;;;   _Ќу_ , как сказать;у;н;;;;;PART;Ќ”;PART;”
;,;,;PUNCT;;;;;;;;;;PUNCT;;;
;как; ј ;ADV -;;; Ќу , _как_ сказать , все-таки;к;а;к;;;;ADV; ј ;ADV -; 
;сказать;— ј«ј“№;V pf - - inf - -;;;Ќу , как _сказать_ , все-таки видна;ь;т;а;з;а;к;V;— ј«ј“№;V pf - - inf - -;№
;,;,;PUNCT;;;;;;;;;;PUNCT;;;
;все-таки;¬—≈-“ј »;PART;;;как сказать , _все-таки_ видна разница ...;и;к;а;т;-;е;PART;¬—≈-“ј »;PART;»
;видна;¬»ƒЌџ…;A - - sg brev f -;;;сказать , все-таки _видна_ разница ... между;а;н;д;и;в;;A;¬»ƒЌџ…;A - - sg brev f -;…
;разница;–ј«Ќ»÷ј;S f inan nom sg;;;, все-таки видна _разница_ ... между мной;а;ц;и;н;з;а;S;–ј«Ќ»÷ј;S f inan nom sg;ј
;...;...;PUNCT;;;;;;;;;;PUNCT;;;
;между;ћ≈∆ƒ”;PR;;;видна разница ... _между_ мной и друзь€ми;у;д;ж;е;м;;PR;ћ≈∆ƒ”;PR;”
;мной;я;SPRO sg 1p - ins;;;разница ... между _мной_ и друзь€ми ,;й;о;н;м;;;SPRO;я;SPRO sg 1p - ins;я
;и;»;CONJ;;;... между мной _и_ друзь€ми , потому что;и;;;;;;CONJ;»;CONJ;»
;друзь€ми;ƒ–”√;S m anim ins pl;;;между мной и _друзь€ми_ , потому что они;и;м;€;ь;з;у;S;ƒ–”√;S m anim ins pl;√
;,;,;PUNCT;;;;;;;;;;PUNCT;;;
;потому что;потому что;CONJ;;;и друзь€ми , _потому что_ они не поступили;о;т;ч; ;у;м;CONJ;потому что;CONJ;о
;они;ќЌ»;SPRO pl - - nom;;;друзь€ми , потому что _они_ не поступили даже;и;н;о;;;;SPRO;ќЌ»;SPRO pl - - nom;»
;не;Ќ≈;PART;;;, потому что они _не_ поступили даже в;е;н;;;;;PART;Ќ≈;PART;≈
;поступили;ѕќ—“”ѕ»“№;V pf praet pl indic - -;;;потому что они не _поступили_ даже в хороший;и;л;и;п;у;т;V;ѕќ—“”ѕ»“№;V pf praet pl indic - -;№
;даже;ƒј∆≈;PART;;;они не поступили _даже_ в хороший университет;е;ж;а;д;;;PART;ƒј∆≈;PART;≈
;в;¬;PR;;;не поступили даже _в_ хороший университет в;в;;;;;;PR;¬;PR;¬
;хороший;’ќ–ќЎ»…;A - acc sg plen m inan;;;поступили даже в _хороший_ университет в »ркутске;й;и;ш;о;р;о;A;’ќ–ќЎ»…;A - acc sg plen m inan;…
;университет;”Ќ»¬≈–—»“≈“;S m inan acc sg;;;даже в хороший _университет_ в »ркутске ..;т;е;т;и;с;р;S;”Ќ»¬≈–—»“≈“;S m inan acc sg;“
;в;¬;PR;;;в хороший университет _в_ »ркутске .. ;в;;;;;;PR;¬;PR;¬
;»ркутске;»– ”“— ;S m inan loc sg;;;хороший университет в _»ркутске_ ..  ;е;к;с;т;у;к;S;»– ”“— ;S m inan loc sg; 
;..;..;PUNCT;;;;;;;;;;PUNCT;;;
;;;;;;;;;;;;;;;;
# sent = 2507;;;;;;;;;;;;;;;;
# speaker = я;;;;;;;;;;;;;;;;
# sent = 2508;;;;;;;;;;;;;;;;
;Ќу;Ќ”;PART;;;   _Ќу_ , кроме ƒаши;у;н;;;;;PART;Ќ”;PART;”
;,;,;PUNCT;;;;;;;;;;PUNCT;;;
;кроме; –ќћ≈;PR;;; Ќу , _кроме_ ƒаши —молькиной .;е;м;о;р;к;;PR; –ќћ≈;PR;≈
;ƒаши;ƒјЎј;S f persn gen sg;;;Ќу , кроме _ƒаши_ —молькиной . ;и;ш;а;д;;;S;ƒјЎј;S f anim gen sg;ј
;—молькиной;—ћќЋ№ »Ќј;S f famn loc sg;;;, кроме ƒаши _—молькиной_ .  ;й;о;н;и;к;ь;S;—ћќЋ№ »Ќј;S f anim loc sg;ј
;.;.;PUNCT;;;;;;;;;;PUNCT;;;
;;;;;;;;;;;;;;;;
# sent = 2509;;;;;;;;;;;;;;;;
# speaker = јнтон;;;;;;;;;;;;;;;;
# sent = 2510;;;;;;;;;;;;;;;;
;...;...;PUNCT;;;;;;;;;;PUNCT;;;
;ј;ј;CONJ;;;  ... _ј_ € поступил ..;а;;;;;;CONJ;ј;CONJ;ј
;€;я;SPRO sg 1p - nom;;; ... ј _€_ поступил .. ;€;;;;;;SPRO;я;SPRO sg 1p - nom;я
;поступил;ѕќ—“”ѕ»“№;V pf praet sg indic m -;;;... ј € _поступил_ ..  ;л;и;п;у;т;с;V;ѕќ—“”ѕ»“№;V pf praet sg indic m -;№
;..;..;PUNCT;;;;;;;;;;PUNCT;;;
;;;;;;;;;;;;;;;;
# sent = 2511;;;;;;;;;;;;;;;;
;Ќет;Ќ≈“;PART;;;..   _Ќет_ , € про;т;е;н;;;;PART;Ќ≈“;PART;“
;,;,;PUNCT;;;;;;;;;;PUNCT;;;
;€;я;SPRO sg 1p - nom;;; Ќет , _€_ про иркутских друзей;€;;;;;;SPRO;я;SPRO sg 1p - nom;я
;про;ѕ–ќ;PR;;;Ќет , € _про_ иркутских друзей .;о;р;п;;;;PR;ѕ–ќ;PR;ќ
;иркутских;»– ”“— »…;A - gen pl plen - -;;;, € про _иркутских_ друзей . ;х;и;к;с;т;у;A;»– ”“— »…;A - gen pl plen - -;…
;друзей;ƒ–”√;S m anim gen pl;;;€ про иркутских _друзей_ .  ;й;е;з;у;р;д;S;ƒ–”√;S m anim gen pl;√
;.;.;PUNCT;;;;;;;;;;PUNCT;;;
;;;;;;;;;;;;;;;;
# sent = 2512;;;;;;;;;;;;;;;;
# speaker = я;;;;;;;;;;;;;;;;
# sent = 2513;;;;;;;;;;;;;;;;
;ј;ј;INTJ;;;   _ј_ - а ,;а;;;;;;INTJ;ј;S - - nonflex -;ј
;-;-;PUNCT;;;;;;;;;;PUNCT;;;
;а;ј;CONJ;;; ј - _а_ , про иркутских;а;;;;;;CONJ;ј;CONJ;ј
;,;,;PUNCT;;;;;;;;;;PUNCT;;;
;про;ѕ–ќ;PR;;;- а , _про_ иркутских друзей ,;о;р;п;;;;PR;ѕ–ќ;PR;ќ
;иркутских;»– ”“— »…;A - gen pl plen - -;;;а , про _иркутских_ друзей , пон€ла;х;и;к;с;т;у;A;»– ”“— »…;A - gen pl plen - -;…
;друзей;ƒ–”√;S m anim gen pl;;;, про иркутских _друзей_ , пон€ла .;й;е;з;у;р;д;S;ƒ–”√;S m anim gen pl;√
;,;,;PUNCT;;;;;;;;;;PUNCT;;;
;пон€ла;ѕќЌя“№;V pf praet sg indic f -;;;иркутских друзей , _пон€ла_ .  ;а;л;€;н;о;п;V;ѕќЌя“№;V pf praet sg indic f -;№
;.;.;PUNCT;;;;;;;;;;PUNCT;;;
;;;;;;;;;;;;;;;;
# sent = 2514;;;;;;;;;;;;;;;;
# speaker = јнтон;;;;;;;;;;;;;;;;
# sent = 2515;;;;;;;;;;;;;;;;
;ќни;ќЌ»;SPRO pl - - nom;;;   _ќни_ не смогли в;и;н;о;;;;SPRO;ќЌ»;SPRO pl - - nom;»
;не;Ќ≈;PART;;;  ќни _не_ смогли в »ркутске;е;н;;;;;PART;Ќ≈;PART;≈
;смогли;—ћќ„№;V pf praet pl indic - -;;; ќни не _смогли_ в »ркутске даже;и;л;г;о;м;с;V;—ћќ„№;V pf praet pl indic - -;№
;в;¬;PR;;;ќни не смогли _в_ »ркутске даже поступить;в;;;;;;PR;¬;PR;¬
;»ркутске;»– ”“— ;S m inan loc sg;;;не смогли в _»ркутске_ даже поступить там;е;к;с;т;у;к;S;»– ”“— ;S m inan loc sg; 
;даже;ƒј∆≈;PART;;;смогли в »ркутске _даже_ поступить там куда-то;е;ж;а;д;;;PART;ƒј∆≈;PART;≈
;поступить;ѕќ—“”ѕ»“№;V pf - - inf - -;;;в »ркутске даже _поступить_ там куда-то ,;ь;т;и;п;у;т;V;ѕќ—“”ѕ»“№;V pf - - inf - -;№
;там;“јћ;ADV -;;;»ркутске даже поступить _там_ куда-то , а;м;а;т;;;;ADV;“јћ;ADV -;ћ
;куда-то; ”ƒј-“ќ;ADV -;;;даже поступить там _куда-то_ , а ,;о;т;-;а;д;у;ADV; ”ƒј-“ќ;ADV -;ќ
;,;,;PUNCT;;;;;;;;;;PUNCT;;;
;а;ј;CONJ;;;там куда-то , _а_ , ну ,;а;;;;;;CONJ;ј;CONJ;ј
;,;,;PUNCT;;;;;;;;;;PUNCT;;;
;ну;Ќ”;PART;;;, а , _ну_ , получаетс€ ...;у;н;;;;;PART;Ќ”;PART;”
;,;,;PUNCT;;;;;;;;;;PUNCT;;;
;получаетс€;ѕќЋ”„ј“№—я;V ipf praes sg indic - 3p;;;, ну , _получаетс€_ ... € и;€;с;т;е;а;ч;V;ѕќЋ”„ј“№—я;V ipf praes sg indic - 3p;я
;...;...;PUNCT;;;;;;;;;;PUNCT;;;
;€;я;SPRO sg 1p - nom;;;, получаетс€ ... _€_ и в школу;€;;;;;;SPRO;я;SPRO sg 1p - nom;я
;и;»;CONJ;;;получаетс€ ... € _и_ в школу ,;и;;;;;;CONJ;»;CONJ;»
;в;¬;PR;;;... € и _в_ школу , ну;в;;;;;;PR;¬;PR;¬
;школу;Ў ќЋј;S f inan acc sg;;;€ и в _школу_ , ну ,;у;л;о;к;ш;;S;Ў ќЋј;S f inan acc sg;ј
;,;,;PUNCT;;;;;;;;;;PUNCT;;;
;ну;Ќ”;PART;;;в школу , _ну_ , в лицей;у;н;;;;;PART;Ќ”;PART;”
;,;,;PUNCT;;;;;;;;;;PUNCT;;;
;в;¬;PR;;;, ну , _в_ лицей хороший поступил;в;;;;;;PR;¬;PR;¬
;лицей;Ћ»÷≈…;S m inan acc sg;;;ну , в _лицей_ хороший поступил ,;й;е;ц;и;л;;S;Ћ»÷≈…;S m inan acc sg;…
;хороший;’ќ–ќЎ»…;A - nom sg plen m -;;;, в лицей _хороший_ поступил , и;й;и;ш;о;р;о;A;’ќ–ќЎ»…;A - nom sg plen m -;…
;поступил;ѕќ—“”ѕ»“№;V pf praet sg indic m -;;;в лицей хороший _поступил_ , и в;л;и;п;у;т;с;V;ѕќ—“”ѕ»“№;V pf praet sg indic m -;№
;,;,;PUNCT;;;;;;;;;;PUNCT;;;
;и;»;CONJ;;;хороший поступил , _и_ в университет хороший;и;;;;;;CONJ;»;CONJ;»
;в;¬;PR;;;поступил , и _в_ университет хороший поступил;в;;;;;;PR;¬;PR;¬
;университет;”Ќ»¬≈–—»“≈“;S m inan acc sg;;;, и в _университет_ хороший поступил .;т;е;т;и;с;р;S;”Ќ»¬≈–—»“≈“;S m inan acc sg;“
;хороший;’ќ–ќЎ»…;A - nom sg plen m -;;;и в университет _хороший_ поступил . ;й;и;ш;о;р;о;A;’ќ–ќЎ»…;A - nom sg plen m -;…
;поступил;ѕќ—“”ѕ»“№;V pf praet sg indic m -;;;в университет хороший _поступил_ .  ;л;и;п;у;т;с;V;ѕќ—“”ѕ»“№;V pf praet sg indic m -;№
;.;.;PUNCT;;;;;;;;;;PUNCT;;;
;;;;;;;;;;;;;;;;
# sent = 2516;;;;;;;;;;;;;;;;
;я;я;SPRO sg 1p - nom;;;.   _я_ когда , ну;€;;;;;;SPRO;я;SPRO sg 1p - nom;я
;когда; ќ√ƒј;CONJ;;;  я _когда_ , ну ,;а;д;г;о;к;;CONJ; ќ√ƒј;CONJ;ј
;,;,;PUNCT;;;;;;;;;;PUNCT;;;
;ну;Ќ”;PART;;;я когда , _ну_ , общаюсь ,;у;н;;;;;PART;Ќ”;PART;”
;,;,;PUNCT;;;;;;;;;;PUNCT;;;
;общаюсь;ќЅўј“№—я;V ipf praes sg indic - 1p;;;, ну , _общаюсь_ , там ,;ь;с;ю;а;щ;б;V;ќЅўј“№—я;V ipf praes sg indic - 1p;я
;,;,;PUNCT;;;;;;;;;;PUNCT;;;
;там;“јћ;PART;;;, общаюсь , _там_ , пытаюсь что-нибудь;м;а;т;;;;ADV;“јћ;ADV -;ћ
;,;,;PUNCT;;;;;;;;;;PUNCT;;;
;пытаюсь;ѕџ“ј“№—я;V ipf praes sg indic - 1p;;;, там , _пытаюсь_ что-нибудь спросить ,;ь;с;ю;а;т;ы;V;ѕџ“ј“№—я;V ipf praes sg indic - 1p;я
;что-нибудь;„“ќ-Ќ»Ѕ”ƒ№;SPRO n inan acc sg;;;там , пытаюсь _что-нибудь_ спросить , там;ь;д;у;б;и;н;SPRO;„“ќ-Ќ»Ѕ”ƒ№;S n - acc sg;№
;спросить;—ѕ–ќ—»“№;V pf - - inf - -;;;, пытаюсь что-нибудь _спросить_ , там ..;ь;т;и;с;о;р;V;—ѕ–ќ—»“№;V pf - - inf - -;№
;,;,;PUNCT;;;;;;;;;;PUNCT;;;
;там;“јћ;PART;;;что-нибудь спросить , _там_ .. как-нибудь ...;м;а;т;;;;ADV;“јћ;ADV -;ћ
;..;..;PUNCT;;;;;;;;;;PUNCT;;;
;как-нибудь; ј -Ќ»Ѕ”ƒ№;ADV -;;;, там .. _как-нибудь_ ...  ;ь;д;у;б;и;н;ADV; ј -Ќ»Ѕ”ƒ№;ADV -;№
;...;...;PUNCT;;;;;;;;;;PUNCT;;;
;;;;;;;;;;;;;;;;
# sent = 2517;;;;;;;;;;;;;;;;
;"""";"""";PUNCT;;;;;;;;;;PUNCT;;;
; огда; ќ√ƒј;CONJ;;;"  "" _ огда_ ты поедешь в";а;д;г;о;к;;CONJ; ќ√ƒј;CONJ;ј
;ты;“џ;SPRO sg 2p - nom;;;" ""  огда _ты_ поедешь в ћоскву";ы;т;;;;;SPRO;“џ;SPRO sg 2p - nom;џ
;поедешь;ѕќ≈’ј“№;V pf fut sg indic - 2p;;;"""  огда ты _поедешь_ в ћоскву ?";ь;ш;е;д;е;о;V;ѕќ≈’ј“№;V pf fut sg indic - 2p;№
;в;¬;PR;;;" огда ты поедешь _в_ ћоскву ? """;в;;;;;;PR;¬;PR;¬
;ћоскву;ћќ— ¬ј;S f inan acc sg;;;"ты поедешь в _ћоскву_ ? "" ,";у;в;к;с;о;м;S;ћќ— ¬ј;S f inan acc sg;ј
;?;?;PUNCT;;;;;;;;;;PUNCT;;;
;"""";"""";PUNCT;;;;;;;;;;PUNCT;;;
;,;,;PUNCT;;;;;;;;;;PUNCT;;;
;они;ќЌ»;SPRO pl - - nom;;;"? "" , _они_ мне говор€т :";и;н;о;;;;SPRO;ќЌ»;SPRO pl - - nom;»
;мне;я;SPRO sg 1p - dat;;;""" , они _мне_ говор€т : """;е;н;м;;;;SPRO;я;SPRO sg 1p - dat;я
;говор€т;√ќ¬ќ–»“№;V ipf praes pl indic - 3p;;;", они мне _говор€т_ : "" Ќет";т;€;р;о;в;о;V;√ќ¬ќ–»“№;V ipf praes pl indic - 3p;№
;:;:;PUNCT;;;;;;;;;;PUNCT;;;
;"""";"""";PUNCT;;;;;;;;;;PUNCT;;;
;Ќет;Ќ≈“;PART;;;"говор€т : "" _Ќет_ , € здесь";т;е;н;;;;PART;Ќ≈“;PART;“
;,;,;PUNCT;;;;;;;;;;PUNCT;;;
;€;я;SPRO sg 1p - nom;;;""" Ќет , _€_ здесь , в";€;;;;;;SPRO;я;SPRO sg 1p - nom;я
;здесь;«ƒ≈—№;ADV -;;;Ќет , € _здесь_ , в »ркутске;ь;с;е;д;з;;ADV;«ƒ≈—№;ADV -;№
;,;,;PUNCT;;;;;;;;;;PUNCT;;;
;в;¬;PR;;;€ здесь , _в_ »ркутске , и;в;;;;;;PR;¬;PR;¬
;»ркутске;»– ”“— ;S m inan loc sg;;;здесь , в _»ркутске_ , и €;е;к;с;т;у;к;S;»– ”“— ;S m inan loc sg; 
;,;,;PUNCT;;;;;;;;;;PUNCT;;;
;и;»;CONJ;;;в »ркутске , _и_ € никуда не;и;;;;;;CONJ;»;CONJ;»
;€;я;SPRO sg 1p - nom;;;»ркутске , и _€_ никуда не собираюсь;€;;;;;;SPRO;я;SPRO sg 1p - nom;я
;никуда;Ќ» ”ƒј;ADV -;;;", и € _никуда_ не собираюсь """;а;д;у;к;и;н;ADV;Ќ» ”ƒј;ADV -;ј
;не;Ќ≈;PART;;;"и € никуда _не_ собираюсь "" .";е;н;;;;;PART;Ќ≈;PART;≈
;собираюсь;—ќЅ»–ј“№—я;V ipf praes sg indic - 1p;;;"€ никуда не _собираюсь_ "" . ";ь;с;ю;а;р;и;V;—ќЅ»–ј“№—я;V ipf praes sg indic - 1p;я
;"""";"""";PUNCT;;;;;;;;;;PUNCT;;;
;.;.;PUNCT;;;;;;;;;;PUNCT;;;
;;;;;;;;;;;;;;;;
# sent = 2518;;;;;;;;;;;;;;;;
# speaker = я;;;;;;;;;;;;;;;;
# sent = 2519;;;;;;;;;;;;;;;;
;ѕон€тно;ѕќЌя“Ќќ;ADV -;;;   _ѕон€тно_ ...  ;о;н;т;€;н;о;ADV;ѕќЌя“Ќќ;ADV -;ќ
;...;...;PUNCT;;;;;;;;;;PUNCT;;;
;;;;;;;;;;;;;;;;
# sent = 2520;;;;;;;;;;;;;;;;
# speaker = јнтон;;;;;;;;;;;;;;;;
# sent = 2521;;;;;;;;;;;;;;;;
;¬;¬;PR;;;   _¬_ общем , и;в;;;;;;PR;¬;PR;¬
;общем;ќЅў»…;A - loc sg plen m -;;;  ¬ _общем_ , и сложно;м;е;щ;б;о;;A;ќЅў»…;A - loc sg plen m -;…
;,;,;PUNCT;;;;;;;;;;PUNCT;;;
;и;»;CONJ;;;¬ общем , _и_ сложно людей так;и;;;;;;CONJ;»;CONJ;»
;сложно;—Ћќ∆Ќќ;ADV -;;;общем , и _сложно_ людей так сдвигать;о;н;ж;о;л;с;ADV;—Ћќ∆Ќќ;ADV -;ќ
;людей;„≈Ћќ¬≈ ;S m anim gen pl;;;, и сложно _людей_ так сдвигать ...;й;е;д;ю;л;;S;„≈Ћќ¬≈ ;S m anim gen pl; 
;так;“ј ;ADV -;;;и сложно людей _так_ сдвигать ... ой;к;а;т;;;;ADV;“ј ;ADV -; 
;сдвигать;—ƒ¬»√ј“№;V ipf - - inf - -;;;сложно людей так _сдвигать_ ... ой ,;ь;т;а;г;и;в;V;—ƒ¬»√ј“№;V ipf - - inf - -;№
;...;...;PUNCT;;;;;;;;;;PUNCT;;;
;ой;ќ…;INTJ;;;так сдвигать ... _ой_ , сдвигать ...;й;о;;;;;INTJ;ќ…;INTJ;…
;,;,;PUNCT;;;;;;;;;;PUNCT;;;
;сдвигать;—ƒ¬»√ј“№;V ipf - - inf - -;;;... ой , _сдвигать_ ... воодушевл€ть на;ь;т;а;г;и;в;V;—ƒ¬»√ј“№;V ipf - - inf - -;№
;...;...;PUNCT;;;;;;;;;;PUNCT;;;
;воодушевл€ть;¬ќќƒ”Ў≈¬Ћя“№;V ipf - - inf - -;;;, сдвигать ... _воодушевл€ть_ на переезды ,;ь;т;€;л;в;е;V;¬ќќƒ”Ў≈¬Ћя“№;V ipf - - inf - -;№
;на;Ќј;PR;;;сдвигать ... воодушевл€ть _на_ переезды , потому что;а;н;;;;;PR;Ќј;PR;ј
;переезды;ѕ≈–≈≈«ƒ;S m inan acc pl;;;... воодушевл€ть на _переезды_ , потому что это;ы;д;з;е;е;р;S;ѕ≈–≈≈«ƒ;S m inan acc pl;ƒ
;,;,;PUNCT;;;;;;;;;;PUNCT;;;
;потому что;потому что;CONJ;;;на переезды , _потому что_ это очень сложно;о;т;ч; ;у;м;CONJ;потому что;CONJ;о
;это;Ё“ќ;SPRO n - nom sg;;;переезды , потому что _это_ очень сложно .;о;т;э;;;;SPRO;Ё“ќ;S n - nom sg;ќ
;очень;ќ„≈Ќ№;ADV -;;;, потому что это _очень_ сложно . ;ь;н;е;ч;о;;ADV;ќ„≈Ќ№;ADV -;№
;сложно;—Ћќ∆Ќџ…;A - - sg brev n -;;;потому что это очень _сложно_ .  ;о;н;ж;о;л;с;A;—Ћќ∆Ќџ…;A - - sg brev n -;…
;.;.;PUNCT;;;;;;;;;;PUNCT;;;
;;;;;;;;;;;;;;;;
# sent = 2522;;;;;;;;;;;;;;;;
# speaker = я;;;;;;;;;;;;;;;;
# sent = 2523;;;;;;;;;;;;;;;;
;ѕон€тно;ѕќЌя“Ќќ;ADV -;;;   _ѕон€тно_ .  ;о;н;т;€;н;о;ADV;ѕќЌя“Ќќ;ADV -;ќ
;.;.;PUNCT;;;;;;;;;;PUNCT;;;
;;;;;;;;;;;;;;;;
# sent = 2524;;;;;;;;;;;;;;;;
;Ќу;Ќ”;PART;;;.   _Ќу_ все , ;у;н;;;;;PART;Ќ”;PART;”
;все;¬—≈;S - - acc pl;;;  Ќу _все_ ,  пасибо;е;с;в;;;;S;¬—≈;S - - acc pl;≈
;,;,;PUNCT;;;;;;;;;;PUNCT;;;
"<distinct form=""";;;;;;;;;;;;;;;;
<dist>;пасибо;;;;;;;;;;;;;;;
""">";;;;;;;;;;;;;;;;
;спасибо;—ѕј—»Ѕќ;S n inan nom sg;;; пасибо  _спасибо_  большое за;о;б;и;с;а;п;S;—ѕј—»Ѕќ;S n inan nonflex -;ќ
</distinct>;;;;;;;;;;;;;;;;
;большое;ЅќЋ№Ўќ…;A - nom sg plen n -;;; спасибо  _большое_ за ... интревью;е;о;ш;ь;л;о;A;ЅќЋ№Ўќ…;A - nom sg plen n -;…
;за;«ј;PR;;;спасибо  большое _за_ ... интревью ,;а;з;;;;;PR;«ј;PR;ј
;...;...;PUNCT;;;;;;;;;;PUNCT;;;
;интервью;»Ќ“≈–¬№ё;S n inan acc sg;;;большое за ... _интревью_ , да .;ю;ь;в;р;е;т;S;»Ќ“–≈¬№ё;S n inan nonflex -;ё
;,;,;PUNCT;;;;;;;;;;PUNCT;;;
;да;ƒј;PART;;;... интревью , _да_ .  ;а;д;;;;;PART;ƒј;PART;ј
;.;.;PUNCT;;;;;;;;;;PUNCT;;;
;;;;;;;;;;;;;;;;
# sent = 2525;;;;;;;;;;;;;;;;
